,Incident Number,Lon,Latt,geometry,index_right,name
0,26688616,1.1380299999999999,51.08933,POINT (1.13803 51.08933),1917,CT19 4
17,26696396,1.13513,51.08846,POINT (1.13513 51.08846),1917,CT19 4
24,26698880,1.13742,51.08744,POINT (1.13742 51.08744),1917,CT19 4
25,26699059,1.15359,51.09213,POINT (1.15359 51.09213),1917,CT19 4
48,26718500,1.14739,51.08777,POINT (1.14739 51.08777),1917,CT19 4
56,26727403,1.1345100000000001,51.08873,POINT (1.13451 51.08873),1917,CT19 4
74,26735593,1.12989,51.08999,POINT (1.12989 51.08999),1917,CT19 4
89,26750390,1.13606,51.08767,POINT (1.13606 51.08767),1917,CT19 4
103,26759882,1.14944,51.09265,POINT (1.14944 51.09265),1917,CT19 4
109,26767455,1.15192,51.089940000000006,POINT (1.15192 51.08994000000001),1917,CT19 4
117,26772784,1.13507,51.08871,POINT (1.13507 51.08871),1917,CT19 4
120,26773282,1.15517,51.09243,POINT (1.15517 51.09243),1917,CT19 4
134,26782333,1.1348,51.09238,POINT (1.1348 51.09238),1917,CT19 4
136,26785116,1.14612,51.08892,POINT (1.14612 51.08892),1917,CT19 4
137,26785276,1.14783,51.08703,POINT (1.14783 51.08703),1917,CT19 4
141,26787056,1.14208,51.0866,POINT (1.14208 51.0866),1917,CT19 4
143,26789073,1.14088,51.0911,POINT (1.14088 51.0911),1917,CT19 4
144,26789881,1.15221,51.08805,POINT (1.15221 51.08805),1917,CT19 4
148,26791092,1.1348,51.09238,POINT (1.1348 51.09238),1917,CT19 4
165,26799042,1.13909,51.09028,POINT (1.13909 51.09028),1917,CT19 4
169,26804674,1.15198,51.09084,POINT (1.15198 51.09084),1917,CT19 4
188,26815832,1.14479,51.09013,POINT (1.14479 51.09013),1917,CT19 4
222,26836030,1.15019,51.08549,POINT (1.15019 51.08549),1917,CT19 4
237,26845525,1.14696,51.08675,POINT (1.14696 51.08675),1917,CT19 4
291,26886186,1.13047,51.08871,POINT (1.13047 51.08871),1917,CT19 4
294,26886796,1.13789,51.09048,POINT (1.13789 51.09048),1917,CT19 4
297,26890351,1.14771,51.09095,POINT (1.14771 51.09095),1917,CT19 4
318,26909951,1.13006,51.08871,POINT (1.13006 51.08871),1917,CT19 4
326,26916782,1.1348,51.09238,POINT (1.1348 51.09238),1917,CT19 4
329,26918402,1.1380700000000001,51.08933,POINT (1.13807 51.08933),1917,CT19 4
345,26932875,1.13412,51.08891,POINT (1.13412 51.08891),1917,CT19 4
358,26941278,1.14919,51.091809999999995,POINT (1.14919 51.09181),1917,CT19 4
362,26943152,1.1520000000000001,51.08547,POINT (1.152 51.08547),1917,CT19 4
370,26948593,1.1475799999999998,51.08916,POINT (1.14758 51.08916),1917,CT19 4
381,26958696,1.1348,51.09238,POINT (1.1348 51.09238),1917,CT19 4
413,26980591,1.1348,51.09238,POINT (1.1348 51.09238),1917,CT19 4
416,26982374,1.14331,51.08927,POINT (1.14331 51.08927),1917,CT19 4
439,27000626,1.15196,51.0954,POINT (1.15196 51.0954),1917,CT19 4
471,27026105,1.15105,51.08828,POINT (1.15105 51.08828),1917,CT19 4
479,27032768,1.15015,51.08983,POINT (1.15015 51.08983),1917,CT19 4
508,27055724,1.13067,51.08999,POINT (1.13067 51.08999),1917,CT19 4
532,27072721,1.13871,51.09683,POINT (1.13871 51.09683),1917,CT19 4
535,27077574,1.1511799999999999,51.09002,POINT (1.15118 51.09002),1917,CT19 4
558,27091252,1.13067,51.08999,POINT (1.13067 51.08999),1917,CT19 4
567,27100093,1.1422299999999999,51.09493,POINT (1.14223 51.09493),1917,CT19 4
571,27102483,1.15019,51.08654,POINT (1.15019 51.08654),1917,CT19 4
575,27107310,1.14091,51.08706,POINT (1.14091 51.08706),1917,CT19 4
589,27119122,1.12944,51.08933,POINT (1.12944 51.08933),1917,CT19 4
593,27123380,1.13067,51.08999,POINT (1.13067 51.08999),1917,CT19 4
603,27128378,1.1345100000000001,51.0892,POINT (1.13451 51.0892),1917,CT19 4
625,27147480,1.13042,51.09142,POINT (1.13042 51.09142),1917,CT19 4
651,27165782,1.14894,51.08719,POINT (1.14894 51.08719),1917,CT19 4
658,27174437,1.15174,51.08724,POINT (1.15174 51.08724),1917,CT19 4
675,27181703,1.13069,51.090709999999994,POINT (1.13069 51.09070999999999),1917,CT19 4
683,27186606,1.15689,51.094190000000005,POINT (1.15689 51.09419),1917,CT19 4
691,27193925,1.14477,51.08682,POINT (1.14477 51.08682),1917,CT19 4
711,27209494,1.13069,51.090709999999994,POINT (1.13069 51.09070999999999),1917,CT19 4
740,27227124,1.14215,51.088390000000004,POINT (1.14215 51.08839),1917,CT19 4
741,27227742,1.14907,51.08692,POINT (1.14907 51.08692),1917,CT19 4
760,27245257,1.13067,51.08999,POINT (1.13067 51.08999),1917,CT19 4
779,27260689,1.1348,51.09238,POINT (1.1348 51.09238),1917,CT19 4
780,27260723,1.1345100000000001,51.0892,POINT (1.13451 51.0892),1917,CT19 4
798,27272537,1.13618,51.089459999999995,POINT (1.13618 51.08946),1917,CT19 4
807,27280931,1.1345100000000001,51.08873,POINT (1.13451 51.08873),1917,CT19 4
813,27283313,1.1348,51.09238,POINT (1.1348 51.09238),1917,CT19 4
833,27301206,1.12989,51.08999,POINT (1.12989 51.08999),1917,CT19 4
873,27319594,1.13067,51.08999,POINT (1.13067 51.08999),1917,CT19 4
878,27322755,1.1554799999999998,51.095909999999996,POINT (1.15548 51.09591),1917,CT19 4
880,27325055,1.15395,51.08542,POINT (1.15395 51.08542),1917,CT19 4
917,27352683,1.13067,51.08999,POINT (1.13067 51.08999),1917,CT19 4
932,27374225,1.15068,51.08676,POINT (1.15068 51.08676),1917,CT19 4
941,27381892,1.14677,51.087579999999996,POINT (1.14677 51.08758),1917,CT19 4
944,27384987,1.1348,51.09238,POINT (1.1348 51.09238),1917,CT19 4
973,27405207,1.1348,51.09238,POINT (1.1348 51.09238),1917,CT19 4
979,27407715,1.13049,51.09024,POINT (1.13049 51.09024),1917,CT19 4
988,27413933,1.13069,51.090709999999994,POINT (1.13069 51.09070999999999),1917,CT19 4
995,27416066,1.13106,51.088640000000005,POINT (1.13106 51.08864000000001),1917,CT19 4
1005,27427470,1.14133,51.087709999999994,POINT (1.14133 51.08770999999999),1917,CT19 4
1022,27439039,1.14606,51.08773,POINT (1.14606 51.08773),1917,CT19 4
1023,27439098,1.13106,51.088640000000005,POINT (1.13106 51.08864000000001),1917,CT19 4
1039,27454935,1.1345100000000001,51.08873,POINT (1.13451 51.08873),1917,CT19 4
1044,27457249,1.15359,51.09213,POINT (1.15359 51.09213),1917,CT19 4
1054,27464366,1.1348,51.09238,POINT (1.1348 51.09238),1917,CT19 4
1056,27465405,1.1449799999999999,51.09282,POINT (1.14498 51.09282),1917,CT19 4
1085,27487739,1.13301,51.0899,POINT (1.13301 51.0899),1917,CT19 4
1109,27503682,1.13507,51.08871,POINT (1.13507 51.08871),1917,CT19 4
1145,27533344,1.1348,51.09238,POINT (1.1348 51.09238),1917,CT19 4
1168,27553343,1.13412,51.08891,POINT (1.13412 51.08891),1917,CT19 4
1180,27559631,1.15517,51.09243,POINT (1.15517 51.09243),1917,CT19 4
1187,27568575,1.1474,51.086459999999995,POINT (1.1474 51.08646),1917,CT19 4
1192,27570192,1.13067,51.08999,POINT (1.13067 51.08999),1917,CT19 4
1193,27570613,1.12989,51.08999,POINT (1.12989 51.08999),1917,CT19 4
1,26689487,1.02588,51.075720000000004,POINT (1.02588 51.07572),1928,CT21 4
8,26693249,1.05149,51.0962,POINT (1.05149 51.0962),1928,CT21 4
11,26694892,1.07076,51.072309999999995,POINT (1.07076 51.07230999999999),1928,CT21 4
16,26696061,1.01409,51.08231,POINT (1.01409 51.08231),1928,CT21 4
18,26696682,1.06928,51.07145,POINT (1.06928 51.07145),1928,CT21 4
33,26705028,1.0448,51.055279999999996,POINT (1.0448 51.05528),1928,CT21 4
44,26712820,1.06902,51.083220000000004,POINT (1.06902 51.08322),1928,CT21 4
49,26719442,1.03226,51.06878,POINT (1.03226 51.06878),1928,CT21 4
50,26720598,1.02514,51.06102,POINT (1.02514 51.06102),1928,CT21 4
55,26725350,1.07507,51.095459999999996,POINT (1.07507 51.09546),1928,CT21 4
81,26741400,1.05149,51.0962,POINT (1.05149 51.0962),1928,CT21 4
101,26759209,1.07849,51.0811,POINT (1.07849 51.0811),1928,CT21 4
111,26768131,1.07831,51.07841,POINT (1.07831 51.07841),1928,CT21 4
123,26776446,1.0458100000000001,51.095040000000004,POINT (1.04581 51.09504),1928,CT21 4
129,26779208,1.07569,51.07736,POINT (1.07569 51.07736),1928,CT21 4
155,26796133,1.05149,51.0962,POINT (1.05149 51.0962),1928,CT21 4
163,26798333,1.04539,51.09455,POINT (1.04539 51.09455),1928,CT21 4
176,26810020,1.07094,51.075,POINT (1.07094 51.075),1928,CT21 4
192,26818486,1.01409,51.08231,POINT (1.01409 51.08231),1928,CT21 4
195,26820885,1.0645200000000001,51.10863,POINT (1.06452 51.10863),1928,CT21 4
200,26823459,1.04712,51.09769,POINT (1.04712 51.09769),1928,CT21 4
201,26823914,1.03768,51.0821,POINT (1.03768 51.0821),1928,CT21 4
221,26835143,1.03767,51.090270000000004,POINT (1.03767 51.09027),1928,CT21 4
228,26838204,1.05149,51.0962,POINT (1.05149 51.0962),1928,CT21 4
247,26852843,1.05149,51.0962,POINT (1.05149 51.0962),1928,CT21 4
262,26862320,1.0468899999999999,51.09474,POINT (1.04689 51.09474),1928,CT21 4
273,26870451,1.0779100000000001,51.08081,POINT (1.07791 51.08081),1928,CT21 4
303,26894205,1.06785,51.071490000000004,POINT (1.06785 51.07149),1928,CT21 4
308,26896614,1.04488,51.09487,POINT (1.04488 51.09487),1928,CT21 4
341,26932208,1.04712,51.09769,POINT (1.04712 51.09769),1928,CT21 4
348,26933494,1.05149,51.0962,POINT (1.05149 51.0962),1928,CT21 4
354,26938620,1.05149,51.0962,POINT (1.05149 51.0962),1928,CT21 4
355,26939048,1.06334,51.11119,POINT (1.06334 51.11119),1928,CT21 4
363,26944584,1.02249,51.07277,POINT (1.02249 51.07277),1928,CT21 4
380,26957680,1.05149,51.0962,POINT (1.05149 51.0962),1928,CT21 4
390,26964707,1.04409,51.09493,POINT (1.04409 51.09493),1928,CT21 4
400,26970482,1.02509,51.0726,POINT (1.02509 51.0726),1928,CT21 4
408,26976325,1.0424,51.09576,POINT (1.0424 51.09576),1928,CT21 4
420,26984391,1.04987,51.09244,POINT (1.04987 51.09244),1928,CT21 4
422,26985869,1.00041,51.078359999999996,POINT (1.00041 51.07836),1928,CT21 4
429,26992013,1.0634700000000001,51.11027,POINT (1.06347 51.11027),1928,CT21 4
437,26998060,1.0732,51.07493,POINT (1.0732 51.07493),1928,CT21 4
459,27015785,1.03768,51.0821,POINT (1.03768 51.0821),1928,CT21 4
462,27017231,1.04488,51.09487,POINT (1.04488 51.09487),1928,CT21 4
483,27037244,1.04987,51.09244,POINT (1.04987 51.09244),1928,CT21 4
489,27043032,1.0660100000000001,51.08677,POINT (1.06601 51.08677),1928,CT21 4
491,27046340,1.03821,51.05243,POINT (1.03821 51.05243),1928,CT21 4
495,27047784,1.00075,51.07802,POINT (1.00075 51.07802),1928,CT21 4
496,27048015,1.00139,51.07759,POINT (1.00139 51.07759),1928,CT21 4
500,27049586,1.01409,51.08231,POINT (1.01409 51.08231),1928,CT21 4
513,27058754,1.05149,51.0962,POINT (1.05149 51.0962),1928,CT21 4
518,27061390,1.0060200000000001,51.0628,POINT (1.00602 51.0628),1928,CT21 4
522,27063928,1.05149,51.0962,POINT (1.05149 51.0962),1928,CT21 4
523,27064245,1.05149,51.0962,POINT (1.05149 51.0962),1928,CT21 4
528,27067780,1.02891,51.07862,POINT (1.02891 51.07862),1928,CT21 4
533,27075107,1.04712,51.09769,POINT (1.04712 51.09769),1928,CT21 4
534,27077243,1.06334,51.11119,POINT (1.06334 51.11119),1928,CT21 4
537,27077914,1.06928,51.07145,POINT (1.06928 51.07145),1928,CT21 4
539,27078671,1.05149,51.0962,POINT (1.05149 51.0962),1928,CT21 4
542,27081392,1.0250700000000001,51.06106,POINT (1.02507 51.06106),1928,CT21 4
547,27084339,1.07979,51.07927,POINT (1.07979 51.07927),1928,CT21 4
549,27086044,1.04488,51.09487,POINT (1.04488 51.09487),1928,CT21 4
569,27100915,1.00074,51.07833,POINT (1.00074 51.07833),1928,CT21 4
587,27118851,1.0006899999999999,51.078509999999994,POINT (1.00069 51.07850999999999),1928,CT21 4
588,27118858,1.00854,51.07767,POINT (1.00854 51.07767),1928,CT21 4
591,27122372,1.04712,51.09769,POINT (1.04712 51.09769),1928,CT21 4
597,27124106,1.01665,51.07462,POINT (1.01665 51.07462),1928,CT21 4
606,27130282,1.06902,51.083220000000004,POINT (1.06902 51.08322),1928,CT21 4
611,27132840,1.0242200000000001,51.09929,POINT (1.02422 51.09929),1928,CT21 4
613,27135503,1.0375,51.09042,POINT (1.0375 51.09042),1928,CT21 4
616,27137842,1.05149,51.0962,POINT (1.05149 51.0962),1928,CT21 4
617,27138817,1.07629,51.081179999999996,POINT (1.07629 51.08118),1928,CT21 4
631,27155835,1.0458100000000001,51.095040000000004,POINT (1.04581 51.09504),1928,CT21 4
633,27156490,1.03245,51.08019,POINT (1.03245 51.08019),1928,CT21 4
645,27162349,1.04712,51.09769,POINT (1.04712 51.09769),1928,CT21 4
650,27165420,1.04397,51.05774,POINT (1.04397 51.05774),1928,CT21 4
655,27172535,1.05149,51.0962,POINT (1.05149 51.0962),1928,CT21 4
659,27174602,1.00074,51.07833,POINT (1.00074 51.07833),1928,CT21 4
662,27176708,1.05149,51.0962,POINT (1.05149 51.0962),1928,CT21 4
674,27181471,1.0458100000000001,51.095040000000004,POINT (1.04581 51.09504),1928,CT21 4
690,27192372,1.05149,51.0962,POINT (1.05149 51.0962),1928,CT21 4
700,27202743,1.04488,51.09487,POINT (1.04488 51.09487),1928,CT21 4
703,27203674,1.0166899999999999,51.07535,POINT (1.01669 51.07535),1928,CT21 4
712,27209616,1.02433,51.07488,POINT (1.02433 51.07488),1928,CT21 4
715,27211751,1.04488,51.09487,POINT (1.04488 51.09487),1928,CT21 4
730,27221371,1.03568,51.08563,POINT (1.03568 51.08563),1928,CT21 4
746,27230146,1.0133299999999998,51.05808,POINT (1.01333 51.05808),1928,CT21 4
750,27234880,1.02539,51.07862,POINT (1.02539 51.07862),1928,CT21 4
751,27236557,1.0458100000000001,51.095040000000004,POINT (1.04581 51.09504),1928,CT21 4
752,27236633,1.02205,51.072559999999996,POINT (1.02205 51.07256),1928,CT21 4
753,27237303,1.0458100000000001,51.095040000000004,POINT (1.04581 51.09504),1928,CT21 4
767,27250020,1.05149,51.0962,POINT (1.05149 51.0962),1928,CT21 4
768,27250758,1.05027,51.09362,POINT (1.05027 51.09362),1928,CT21 4
771,27252291,1.03142,51.06838,POINT (1.03142 51.06838),1928,CT21 4
772,27252593,1.02882,51.08024,POINT (1.02882 51.08024),1928,CT21 4
773,27254415,1.06524,51.07515,POINT (1.06524 51.07515),1928,CT21 4
774,27255435,1.07331,51.07365,POINT (1.07331 51.07365),1928,CT21 4
781,27262697,1.04488,51.09487,POINT (1.04488 51.09487),1928,CT21 4
793,27269394,1.00074,51.07833,POINT (1.00074 51.07833),1928,CT21 4
799,27274618,1.0060200000000001,51.0628,POINT (1.00602 51.0628),1928,CT21 4
809,27281149,1.0441,51.09496,POINT (1.0441 51.09496),1928,CT21 4
815,27285135,1.06565,51.106,POINT (1.06565 51.106),1928,CT21 4
839,27304995,1.0448,51.055279999999996,POINT (1.0448 51.05528),1928,CT21 4
842,27305668,1.01409,51.08231,POINT (1.01409 51.08231),1928,CT21 4
872,27319292,1.03075,51.05583,POINT (1.03075 51.05583),1928,CT21 4
886,27329149,1.0236,51.075340000000004,POINT (1.0236 51.07534),1928,CT21 4
890,27330809,1.07045,51.0823,POINT (1.07045 51.0823),1928,CT21 4
920,27357349,1.01319,51.08163,POINT (1.01319 51.08163),1928,CT21 4
924,27361712,1.04409,51.09493,POINT (1.04409 51.09493),1928,CT21 4
926,27368407,1.05149,51.0962,POINT (1.05149 51.0962),1928,CT21 4
935,27377582,1.04712,51.09769,POINT (1.04712 51.09769),1928,CT21 4
948,27386994,1.07076,51.072309999999995,POINT (1.07076 51.07230999999999),1928,CT21 4
961,27395440,1.05149,51.0962,POINT (1.05149 51.0962),1928,CT21 4
966,27399598,1.077,51.08024,POINT (1.077 51.08024),1928,CT21 4
974,27405904,1.04488,51.09487,POINT (1.04488 51.09487),1928,CT21 4
983,27410048,1.0761399999999999,51.08437,POINT (1.07614 51.08437),1928,CT21 4
987,27413763,1.05893,51.09758,POINT (1.05893 51.09758),1928,CT21 4
991,27414677,1.0196100000000001,51.07182,POINT (1.01961 51.07182),1928,CT21 4
1000,27420593,1.03645,51.049820000000004,POINT (1.03645 51.04982),1928,CT21 4
1004,27424362,1.07256,51.07755,POINT (1.07256 51.07755),1928,CT21 4
1009,27429660,1.07408,51.09042,POINT (1.07408 51.09042),1928,CT21 4
1045,27457329,1.04712,51.09769,POINT (1.04712 51.09769),1928,CT21 4
1058,27467285,1.01371,51.071870000000004,POINT (1.01371 51.07187),1928,CT21 4
1090,27493369,1.0435299999999998,51.05846,POINT (1.04353 51.05846),1928,CT21 4
1096,27495317,1.0468899999999999,51.09474,POINT (1.04689 51.09474),1928,CT21 4
1099,27496886,1.02692,51.07885,POINT (1.02692 51.07885),1928,CT21 4
1108,27502981,1.07693,51.080259999999996,POINT (1.07693 51.08026),1928,CT21 4
1115,27506092,1.0449899999999999,51.0592,POINT (1.04499 51.0592),1928,CT21 4
1119,27509050,1.07992,51.07936,POINT (1.07992 51.07936),1928,CT21 4
1122,27511716,1.05149,51.0962,POINT (1.05149 51.0962),1928,CT21 4
1126,27516554,1.05149,51.0962,POINT (1.05149 51.0962),1928,CT21 4
1135,27527221,1.04474,51.09485,POINT (1.04474 51.09485),1928,CT21 4
1138,27529602,1.08009,51.08139,POINT (1.08009 51.08139),1928,CT21 4
1171,27554648,1.04488,51.09487,POINT (1.04488 51.09487),1928,CT21 4
1176,27558106,1.07276,51.07215,POINT (1.07276 51.07215),1928,CT21 4
1177,27558114,1.05149,51.0962,POINT (1.05149 51.0962),1928,CT21 4
1191,27570141,1.04488,51.09487,POINT (1.04488 51.09487),1928,CT21 4
1196,27572700,1.04488,51.09487,POINT (1.04488 51.09487),1928,CT21 4
1198,27573338,1.0196100000000001,51.07182,POINT (1.01961 51.07182),1928,CT21 4
1200,27578303,1.01371,51.071870000000004,POINT (1.01371 51.07187),1928,CT21 4
2,26689654,0.8909799999999999,51.11841,POINT (0.8909799999999999 51.11841),9690,TN25 7
35,26706870,0.94081,51.09454,POINT (0.94081 51.09454),9690,TN25 7
38,26709797,0.9261,51.09413,POINT (0.9261 51.09413),9690,TN25 7
43,26712522,0.93148,51.079209999999996,POINT (0.93148 51.07921),9690,TN25 7
60,26729042,0.9464600000000001,51.0935,POINT (0.9464600000000001 51.0935),9690,TN25 7
61,26729724,0.88369,51.110459999999996,POINT (0.88369 51.11046),9690,TN25 7
63,26730911,0.8825200000000001,51.11166,POINT (0.8825200000000001 51.11166),9690,TN25 7
147,26790968,0.9403100000000001,51.084720000000004,POINT (0.9403100000000001 51.08472),9690,TN25 7
158,26797116,0.9425,51.09661,POINT (0.9425 51.09661),9690,TN25 7
177,26810757,0.92289,51.102920000000005,POINT (0.92289 51.10292),9690,TN25 7
189,26815863,0.9464600000000001,51.0935,POINT (0.9464600000000001 51.0935),9690,TN25 7
199,26823386,0.8875,51.11714,POINT (0.8875 51.11714),9690,TN25 7
263,26862723,0.9393799999999999,51.08625,POINT (0.9393799999999999 51.08625),9690,TN25 7
333,26924953,0.8927,51.11755,POINT (0.8927 51.11755),9690,TN25 7
378,26956581,0.9416399999999999,51.09662,POINT (0.9416399999999999 51.09662),9690,TN25 7
410,26978044,0.89655,51.0911,POINT (0.89655 51.0911),9690,TN25 7
426,26991365,0.9002100000000001,51.1141,POINT (0.9002100000000001 51.1141),9690,TN25 7
443,27002381,0.93876,51.08783,POINT (0.93876 51.08783),9690,TN25 7
538,27078382,0.883,51.11067,POINT (0.883 51.11067),9690,TN25 7
546,27083757,0.94473,51.05744,POINT (0.94473 51.05744),9690,TN25 7
579,27109893,0.94473,51.05744,POINT (0.94473 51.05744),9690,TN25 7
585,27117752,0.9223100000000001,51.1184,POINT (0.9223100000000001 51.1184),9690,TN25 7
594,27123396,0.9439700000000001,51.094809999999995,POINT (0.9439700000000001 51.09481),9690,TN25 7
629,27152051,0.883,51.11067,POINT (0.883 51.11067),9690,TN25 7
654,27169733,0.9219799999999999,51.109759999999994,POINT (0.9219799999999999 51.10975999999999),9690,TN25 7
668,27178705,0.94473,51.05744,POINT (0.94473 51.05744),9690,TN25 7
679,27183925,0.94473,51.05744,POINT (0.94473 51.05744),9690,TN25 7
694,27197034,0.8944200000000001,51.10888,POINT (0.8944200000000001 51.10888),9690,TN25 7
696,27199429,0.9459700000000001,51.09264,POINT (0.9459700000000001 51.09264),9690,TN25 7
719,27214088,0.91645,51.09336,POINT (0.91645 51.09336),9690,TN25 7
850,27308936,0.9002100000000001,51.1141,POINT (0.9002100000000001 51.1141),9690,TN25 7
859,27312762,0.93871,51.08433,POINT (0.93871 51.08433),9690,TN25 7
938,27380417,0.9397399999999999,51.095009999999995,POINT (0.9397399999999999 51.09500999999999),9690,TN25 7
984,27411268,0.9416399999999999,51.09662,POINT (0.9416399999999999 51.09662),9690,TN25 7
993,27415119,0.8944200000000001,51.10888,POINT (0.8944200000000001 51.10888),9690,TN25 7
1029,27443081,0.9193600000000001,51.09418,POINT (0.9193600000000001 51.09418),9690,TN25 7
1048,27460321,0.94024,51.08556,POINT (0.94024 51.08556),9690,TN25 7
1078,27481673,0.88528,51.10686,POINT (0.88528 51.10686),9690,TN25 7
1098,27496120,0.94555,51.09117,POINT (0.94555 51.09117),9690,TN25 7
1129,27518684,0.95849,51.0806,POINT (0.95849 51.0806),9690,TN25 7
3,26691130,1.1723299999999999,51.091409999999996,POINT (1.17233 51.09141),1918,CT19 5
21,26698149,1.17195,51.0903,POINT (1.17195 51.0903),1918,CT19 5
26,26700110,1.18059,51.08548,POINT (1.18059 51.08548),1918,CT19 5
27,26700942,1.16516,51.09453,POINT (1.16516 51.09453),1918,CT19 5
29,26702201,1.1718899999999999,51.086000000000006,POINT (1.17189 51.08600000000001),1918,CT19 5
40,26710252,1.17889,51.08741,POINT (1.17889 51.08741),1918,CT19 5
42,26711909,1.16583,51.095079999999996,POINT (1.16583 51.09508),1918,CT19 5
57,26727736,1.16992,51.09684,POINT (1.16992 51.09684),1918,CT19 5
70,26734336,1.16101,51.087309999999995,POINT (1.16101 51.08731),1918,CT19 5
76,26737620,1.16516,51.09453,POINT (1.16516 51.09453),1918,CT19 5
83,26742732,1.16089,51.09592,POINT (1.16089 51.09592),1918,CT19 5
105,26761010,1.16089,51.09592,POINT (1.16089 51.09592),1918,CT19 5
110,26767767,1.17889,51.08741,POINT (1.17889 51.08741),1918,CT19 5
112,26770522,1.17157,51.09299,POINT (1.17157 51.09299),1918,CT19 5
121,26774726,1.16516,51.09453,POINT (1.16516 51.09453),1918,CT19 5
126,26777589,1.15936,51.08651,POINT (1.15936 51.08651),1918,CT19 5
132,26780826,1.1718899999999999,51.086000000000006,POINT (1.17189 51.08600000000001),1918,CT19 5
140,26786608,1.178,51.08788,POINT (1.178 51.08788),1918,CT19 5
142,26788909,1.17515,51.08815,POINT (1.17515 51.08815),1918,CT19 5
150,26791782,1.17288,51.08307,POINT (1.17288 51.08307),1918,CT19 5
161,26797800,1.16059,51.09637,POINT (1.16059 51.09637),1918,CT19 5
162,26798122,1.16381,51.095209999999994,POINT (1.16381 51.09520999999999),1918,CT19 5
204,26825915,1.17915,51.087379999999996,POINT (1.17915 51.08738),1918,CT19 5
209,26827411,1.15869,51.08534,POINT (1.15869 51.08534),1918,CT19 5
216,26831928,1.1659700000000002,51.09432,POINT (1.16597 51.09432),1918,CT19 5
230,26840152,1.16567,51.08543,POINT (1.16567 51.08543),1918,CT19 5
231,26840939,1.16587,51.09437,POINT (1.16587 51.09437),1918,CT19 5
232,26840993,1.16489,51.09494,POINT (1.16489 51.09494),1918,CT19 5
241,26847610,1.17965,51.09165,POINT (1.17965 51.09165),1918,CT19 5
248,26854848,1.16507,51.095490000000005,POINT (1.16507 51.09549000000001),1918,CT19 5
251,26855921,1.1616,51.09584,POINT (1.1616 51.09584),1918,CT19 5
258,26857234,1.16153,51.09434,POINT (1.16153 51.09434),1918,CT19 5
268,26865262,1.17889,51.08741,POINT (1.17889 51.08741),1918,CT19 5
271,26870032,1.16992,51.09684,POINT (1.16992 51.09684),1918,CT19 5
277,26874219,1.1791200000000002,51.094640000000005,POINT (1.17912 51.09464000000001),1918,CT19 5
280,26876863,1.16059,51.09637,POINT (1.16059 51.09637),1918,CT19 5
290,26885678,1.1659700000000002,51.09432,POINT (1.16597 51.09432),1918,CT19 5
292,26886435,1.16159,51.09763,POINT (1.16159 51.09763),1918,CT19 5
301,26891898,1.1686,51.08319,POINT (1.1686 51.08319),1918,CT19 5
304,26894650,1.16203,51.09146,POINT (1.16203 51.09146),1918,CT19 5
309,26898682,1.1659700000000002,51.09432,POINT (1.16597 51.09432),1918,CT19 5
315,26908100,1.15782,51.09475,POINT (1.15782 51.09475),1918,CT19 5
323,26913129,1.1659700000000002,51.09432,POINT (1.16597 51.09432),1918,CT19 5
346,26933151,1.1718899999999999,51.086000000000006,POINT (1.17189 51.08600000000001),1918,CT19 5
360,26941870,1.1642,51.09523,POINT (1.1642 51.09523),1918,CT19 5
368,26948074,1.1790100000000001,51.0892,POINT (1.17901 51.0892),1918,CT19 5
369,26948366,1.17174,51.08623,POINT (1.17174 51.08623),1918,CT19 5
372,26949412,1.1656799999999998,51.09624,POINT (1.16568 51.09624),1918,CT19 5
377,26955964,1.16664,51.095,POINT (1.16664 51.095),1918,CT19 5
383,26959340,1.16059,51.09637,POINT (1.16059 51.09637),1918,CT19 5
385,26961583,1.1811399999999999,51.09421,POINT (1.18114 51.09421),1918,CT19 5
403,26972763,1.16992,51.09684,POINT (1.16992 51.09684),1918,CT19 5
404,26972962,1.16656,51.09395,POINT (1.16656 51.09395),1918,CT19 5
406,26975252,1.15911,51.09064,POINT (1.15911 51.09064),1918,CT19 5
433,26994790,1.15782,51.09475,POINT (1.15782 51.09475),1918,CT19 5
447,27006357,1.1659700000000002,51.09432,POINT (1.16597 51.09432),1918,CT19 5
448,27007269,1.15936,51.08651,POINT (1.15936 51.08651),1918,CT19 5
451,27009765,1.17877,51.08681,POINT (1.17877 51.08681),1918,CT19 5
452,27010650,1.17331,51.089259999999996,POINT (1.17331 51.08926),1918,CT19 5
456,27013194,1.17774,51.08744,POINT (1.17774 51.08744),1918,CT19 5
460,27016583,1.1659700000000002,51.09432,POINT (1.16597 51.09432),1918,CT19 5
463,27017300,1.17345,51.09206,POINT (1.17345 51.09206),1918,CT19 5
473,27027489,1.16159,51.09763,POINT (1.16159 51.09763),1918,CT19 5
481,27033272,1.16042,51.088809999999995,POINT (1.16042 51.08881),1918,CT19 5
487,27041557,1.1739,51.0849,POINT (1.1739 51.0849),1918,CT19 5
514,27058945,1.16337,51.084140000000005,POINT (1.16337 51.08414),1918,CT19 5
516,27059272,1.18211,51.09272,POINT (1.18211 51.09272),1918,CT19 5
529,27069648,1.17795,51.08657,POINT (1.17795 51.08657),1918,CT19 5
536,27077704,1.16059,51.09637,POINT (1.16059 51.09637),1918,CT19 5
540,27079578,1.17182,51.0885,POINT (1.17182 51.0885),1918,CT19 5
544,27081668,1.16334,51.09121,POINT (1.16334 51.09121),1918,CT19 5
550,27086314,1.1727100000000001,51.09503,POINT (1.17271 51.09503),1918,CT19 5
552,27087243,1.17874,51.08679,POINT (1.17874 51.08679),1918,CT19 5
562,27093291,1.16489,51.09494,POINT (1.16489 51.09494),1918,CT19 5
577,27108452,1.1770399999999999,51.08559,POINT (1.17704 51.08559),1918,CT19 5
580,27110616,1.15724,51.09035,POINT (1.15724 51.09035),1918,CT19 5
581,27110651,1.15724,51.09035,POINT (1.15724 51.09035),1918,CT19 5
583,27115111,1.1659700000000002,51.09432,POINT (1.16597 51.09432),1918,CT19 5
605,27129545,1.16355,51.08271,POINT (1.16355 51.08271),1918,CT19 5
615,27137783,1.17956,51.09167,POINT (1.17956 51.09167),1918,CT19 5
626,27148088,1.1790100000000001,51.0892,POINT (1.17901 51.0892),1918,CT19 5
638,27160459,1.15782,51.09475,POINT (1.15782 51.09475),1918,CT19 5
640,27161084,1.16059,51.09637,POINT (1.16059 51.09637),1918,CT19 5
647,27163327,1.15608,51.088029999999996,POINT (1.15608 51.08803),1918,CT19 5
648,27164603,1.18211,51.09272,POINT (1.18211 51.09272),1918,CT19 5
657,27173186,1.15782,51.09475,POINT (1.15782 51.09475),1918,CT19 5
663,27177451,1.18211,51.09272,POINT (1.18211 51.09272),1918,CT19 5
665,27177542,1.1704,51.08854,POINT (1.1704 51.08854),1918,CT19 5
667,27177824,1.17746,51.08745,POINT (1.17746 51.08745),1918,CT19 5
669,27179203,1.18059,51.08548,POINT (1.18059 51.08548),1918,CT19 5
682,27184673,1.16594,51.08596,POINT (1.16594 51.08596),1918,CT19 5
684,27187684,1.16159,51.09763,POINT (1.16159 51.09763),1918,CT19 5
688,27189316,1.16961,51.08285,POINT (1.16961 51.08285),1918,CT19 5
710,27208790,1.17915,51.087379999999996,POINT (1.17915 51.08738),1918,CT19 5
717,27213218,1.16339,51.09053,POINT (1.16339 51.09053),1918,CT19 5
721,27214371,1.18032,51.08737,POINT (1.18032 51.08737),1918,CT19 5
726,27217905,1.17174,51.08623,POINT (1.17174 51.08623),1918,CT19 5
733,27223133,1.17815,51.08706,POINT (1.17815 51.08706),1918,CT19 5
737,27225626,1.18038,51.08827,POINT (1.18038 51.08827),1918,CT19 5
797,27272278,1.1606,51.0915,POINT (1.1606 51.0915),1918,CT19 5
800,27276503,1.1808,51.0895,POINT (1.1808 51.0895),1918,CT19 5
804,27278642,1.17195,51.0903,POINT (1.17195 51.0903),1918,CT19 5
806,27279583,1.1790100000000001,51.0892,POINT (1.17901 51.0892),1918,CT19 5
810,27281586,1.16567,51.08543,POINT (1.16567 51.08543),1918,CT19 5
816,27287047,1.15818,51.0893,POINT (1.15818 51.0893),1918,CT19 5
820,27291058,1.16339,51.09053,POINT (1.16339 51.09053),1918,CT19 5
826,27295908,1.18015,51.086420000000004,POINT (1.18015 51.08642),1918,CT19 5
847,27308459,1.17964,51.08623,POINT (1.17964 51.08623),1918,CT19 5
867,27316618,1.16489,51.09494,POINT (1.16489 51.09494),1918,CT19 5
876,27322361,1.18025,51.08647,POINT (1.18025 51.08647),1918,CT19 5
884,27327543,1.15936,51.08651,POINT (1.15936 51.08651),1918,CT19 5
891,27332739,1.17915,51.087379999999996,POINT (1.17915 51.08738),1918,CT19 5
893,27333443,1.1598,51.08514,POINT (1.1598 51.08514),1918,CT19 5
901,27341941,1.1768,51.085809999999995,POINT (1.1768 51.08581),1918,CT19 5
902,27342954,1.17182,51.0885,POINT (1.17182 51.0885),1918,CT19 5
904,27344424,1.16489,51.09494,POINT (1.16489 51.09494),1918,CT19 5
905,27344494,1.16649,51.08465,POINT (1.16649 51.08465),1918,CT19 5
906,27344727,1.1790100000000001,51.0892,POINT (1.17901 51.0892),1918,CT19 5
908,27345681,1.16489,51.09494,POINT (1.16489 51.09494),1918,CT19 5
918,27353668,1.16059,51.09637,POINT (1.16059 51.09637),1918,CT19 5
922,27357951,1.16345,51.091429999999995,POINT (1.16345 51.09143),1918,CT19 5
927,27368953,1.1659700000000002,51.09432,POINT (1.16597 51.09432),1918,CT19 5
934,27377568,1.16107,51.08527,POINT (1.16107 51.08527),1918,CT19 5
937,27378868,1.16246,51.090740000000004,POINT (1.16246 51.09074),1918,CT19 5
945,27385202,1.16961,51.08285,POINT (1.16961 51.08285),1918,CT19 5
954,27391725,1.17182,51.08818,POINT (1.17182 51.08818),1918,CT19 5
956,27393942,1.1659700000000002,51.09432,POINT (1.16597 51.09432),1918,CT19 5
969,27401442,1.17308,51.08882,POINT (1.17308 51.08882),1918,CT19 5
980,27408448,1.16489,51.09494,POINT (1.16489 51.09494),1918,CT19 5
981,27408634,1.1676600000000001,51.08594,POINT (1.16766 51.08594),1918,CT19 5
985,27412023,1.1621700000000001,51.09629,POINT (1.16217 51.09629),1918,CT19 5
986,27412883,1.15924,51.09244,POINT (1.15924 51.09244),1918,CT19 5
990,27414629,1.18095,51.08752,POINT (1.18095 51.08752),1918,CT19 5
992,27415000,1.18078,51.08814,POINT (1.18078 51.08814),1918,CT19 5
997,27417562,1.17746,51.08745,POINT (1.17746 51.08745),1918,CT19 5
1007,27428801,1.16767,51.09579,POINT (1.16767 51.09579),1918,CT19 5
1015,27432981,1.16078,51.085190000000004,POINT (1.16078 51.08519),1918,CT19 5
1018,27437675,1.1718899999999999,51.086000000000006,POINT (1.17189 51.08600000000001),1918,CT19 5
1021,27438641,1.1794,51.091809999999995,POINT (1.1794 51.09181),1918,CT19 5
1034,27449615,1.16339,51.09053,POINT (1.16339 51.09053),1918,CT19 5
1035,27450733,1.1659700000000002,51.09432,POINT (1.16597 51.09432),1918,CT19 5
1070,27473660,1.17949,51.09175,POINT (1.17949 51.09175),1918,CT19 5
1071,27474410,1.1790100000000001,51.0892,POINT (1.17901 51.0892),1918,CT19 5
1083,27484565,1.16662,51.09531,POINT (1.16662 51.09531),1918,CT19 5
1086,27489181,1.16882,51.08661,POINT (1.16882 51.08661),1918,CT19 5
1101,27497738,1.16078,51.085190000000004,POINT (1.16078 51.08519),1918,CT19 5
1102,27497832,1.16489,51.09494,POINT (1.16489 51.09494),1918,CT19 5
1110,27503739,1.16486,51.089890000000004,POINT (1.16486 51.08989),1918,CT19 5
1124,27513952,1.1697799999999998,51.08965,POINT (1.16978 51.08965),1918,CT19 5
1133,27523775,1.1805,51.09006,POINT (1.1805 51.09006),1918,CT19 5
1136,27528908,1.1723299999999999,51.091409999999996,POINT (1.17233 51.09141),1918,CT19 5
1141,27531273,1.1656799999999998,51.09624,POINT (1.16568 51.09624),1918,CT19 5
1146,27534842,1.1745700000000001,51.0933,POINT (1.17457 51.0933),1918,CT19 5
1147,27536322,1.18262,51.08565,POINT (1.18262 51.08565),1918,CT19 5
1150,27540667,1.15503,51.08637,POINT (1.15503 51.08637),1918,CT19 5
1152,27542432,1.16563,51.09053,POINT (1.16563 51.09053),1918,CT19 5
1156,27544967,1.15824,51.09248,POINT (1.15824 51.09248),1918,CT19 5
1165,27552407,1.15724,51.09035,POINT (1.15724 51.09035),1918,CT19 5
1166,27552856,1.16588,51.08318,POINT (1.16588 51.08318),1918,CT19 5
1169,27553391,1.1724,51.08915,POINT (1.1724 51.08915),1918,CT19 5
1188,27568653,1.1718899999999999,51.086000000000006,POINT (1.17189 51.08600000000001),1918,CT19 5
4,26691648,1.0796299999999999,51.06459,POINT (1.07963 51.06459),1930,CT21 6
6,26692456,1.09574,51.06837,POINT (1.09574 51.06837),1930,CT21 6
39,26709964,1.06185,51.06715,POINT (1.06185 51.06715),1930,CT21 6
78,26738473,1.09073,51.06674,POINT (1.09073 51.06674),1930,CT21 6
80,26738985,1.0777700000000001,51.07033,POINT (1.07777 51.07033),1930,CT21 6
178,26810792,1.08105,51.06862,POINT (1.08105 51.06862),1930,CT21 6
215,26831209,1.04576,51.06127,POINT (1.04576 51.06127),1930,CT21 6
238,26846279,1.08918,51.068259999999995,POINT (1.08918 51.06826),1930,CT21 6
260,26858876,1.0904200000000002,51.06729,POINT (1.09042 51.06729),1930,CT21 6
267,26865176,1.06031,51.06539,POINT (1.06031 51.06539),1930,CT21 6
275,26873804,1.08905,51.0673,POINT (1.08905 51.0673),1930,CT21 6
287,26881884,1.05767,51.06559,POINT (1.05767 51.06559),1930,CT21 6
313,26904204,1.08905,51.0673,POINT (1.08905 51.0673),1930,CT21 6
317,26909473,1.06031,51.06539,POINT (1.06031 51.06539),1930,CT21 6
335,26928093,1.0908,51.06743,POINT (1.0908 51.06743),1930,CT21 6
337,26929462,1.06195,51.06541,POINT (1.06195 51.06541),1930,CT21 6
374,26951514,1.09254,51.07045,POINT (1.09254 51.07045),1930,CT21 6
375,26952840,1.04879,51.06389,POINT (1.04879 51.06389),1930,CT21 6
401,26972389,1.06922,51.06947,POINT (1.06922 51.06947),1930,CT21 6
415,26981524,1.04873,51.06299,POINT (1.04873 51.06299),1930,CT21 6
430,26992460,1.06174,51.06535,POINT (1.06174 51.06535),1930,CT21 6
434,26996230,1.09574,51.06837,POINT (1.09574 51.06837),1930,CT21 6
449,27008769,1.0495299999999999,51.063390000000005,POINT (1.04953 51.06339000000001),1930,CT21 6
453,27011282,1.04576,51.06127,POINT (1.04576 51.06127),1930,CT21 6
458,27015641,1.0705799999999999,51.06961,POINT (1.07058 51.06961),1930,CT21 6
490,27043504,1.09574,51.06837,POINT (1.09574 51.06837),1930,CT21 6
501,27049890,1.09333,51.06812,POINT (1.09333 51.06812),1930,CT21 6
590,27120877,1.07207,51.070479999999996,POINT (1.07207 51.07048),1930,CT21 6
601,27127527,1.07875,51.07047,POINT (1.07875 51.07047),1930,CT21 6
612,27134057,1.04637,51.062940000000005,POINT (1.04637 51.06294),1930,CT21 6
620,27142436,1.07178,51.07152,POINT (1.07178 51.07152),1930,CT21 6
635,27157239,1.08164,51.06987,POINT (1.08164 51.06987),1930,CT21 6
639,27160890,1.08493,51.06577,POINT (1.08493 51.06577),1930,CT21 6
642,27161374,1.0495299999999999,51.063390000000005,POINT (1.04953 51.06339000000001),1930,CT21 6
704,27205666,1.09574,51.06837,POINT (1.09574 51.06837),1930,CT21 6
708,27208002,1.09594,51.06797,POINT (1.09594 51.06797),1930,CT21 6
759,27245132,1.08449,51.06882,POINT (1.08449 51.06882),1930,CT21 6
764,27247970,1.04588,51.06307,POINT (1.04588 51.06307),1930,CT21 6
770,27252267,1.0438,51.06232,POINT (1.0438 51.06232),1930,CT21 6
789,27268315,1.05883,51.06453,POINT (1.05883 51.06453),1930,CT21 6
791,27268799,1.09453,51.0684,POINT (1.09453 51.0684),1930,CT21 6
808,27281138,1.0777700000000001,51.07033,POINT (1.07777 51.07033),1930,CT21 6
848,27308738,1.08092,51.06708,POINT (1.08092 51.06708),1930,CT21 6
852,27309187,1.07243,51.06935,POINT (1.07243 51.06935),1930,CT21 6
862,27315468,1.04731,51.06303,POINT (1.04731 51.06303),1930,CT21 6
868,27316913,1.07207,51.070479999999996,POINT (1.07207 51.07048),1930,CT21 6
875,27321835,1.08918,51.068259999999995,POINT (1.08918 51.06826),1930,CT21 6
900,27341882,1.0777700000000001,51.07033,POINT (1.07777 51.07033),1930,CT21 6
929,27371388,1.08317,51.06568,POINT (1.08317 51.06568),1930,CT21 6
946,27386236,1.08968,51.0673,POINT (1.08968 51.0673),1930,CT21 6
958,27394609,1.08295,51.06545,POINT (1.08295 51.06545),1930,CT21 6
1016,27436696,1.08044,51.06756,POINT (1.08044 51.06756),1930,CT21 6
1030,27443139,1.06025,51.06449,POINT (1.06025 51.06449),1930,CT21 6
1053,27463900,1.08335,51.06838,POINT (1.08335 51.06838),1930,CT21 6
1091,27493574,1.08317,51.06568,POINT (1.08317 51.06568),1930,CT21 6
1111,27503861,1.08038,51.06666,POINT (1.08038 51.06666),1930,CT21 6
1117,27507330,1.0819299999999998,51.06842,POINT (1.08193 51.06842),1930,CT21 6
1120,27509939,1.05312,51.064679999999996,POINT (1.05312 51.06468),1930,CT21 6
1142,27531579,1.0771600000000001,51.0658,POINT (1.07716 51.0658),1930,CT21 6
1151,27541937,1.06663,51.06843,POINT (1.06663 51.06843),1930,CT21 6
1160,27548465,1.04576,51.06127,POINT (1.04576 51.06127),1930,CT21 6
1164,27552374,1.08249,51.069379999999995,POINT (1.08249 51.06938),1930,CT21 6
1167,27553115,1.06129,51.067370000000004,POINT (1.06129 51.06737),1930,CT21 6
1183,27563648,1.07351,51.063829999999996,POINT (1.07351 51.06383),1930,CT21 6
5,26692177,1.1748299999999998,51.07844,POINT (1.17483 51.07844),1925,CT20 2
12,26694916,1.16793,51.07651,POINT (1.16793 51.07651),1925,CT20 2
13,26695102,1.16354,51.07478,POINT (1.16354 51.07478),1925,CT20 2
28,26702194,1.17239,51.079440000000005,POINT (1.17239 51.07944000000001),1925,CT20 2
69,26733639,1.17465,51.07844,POINT (1.17465 51.07844),1925,CT20 2
71,26734621,1.16885,51.07545,POINT (1.16885 51.07545),1925,CT20 2
77,26738097,1.16505,51.07387,POINT (1.16505 51.07387),1925,CT20 2
82,26742333,1.16946,51.0814,POINT (1.16946 51.0814),1925,CT20 2
85,26747416,1.173,51.080709999999996,POINT (1.173 51.08071),1925,CT20 2
90,26750865,1.17403,51.07631,POINT (1.17403 51.07631),1925,CT20 2
91,26750871,1.1731200000000002,51.08044,POINT (1.17312 51.08044),1925,CT20 2
122,26774989,1.1748100000000001,51.07849,POINT (1.17481 51.07849),1925,CT20 2
133,26781574,1.15913,51.07656,POINT (1.15913 51.07656),1925,CT20 2
138,26785824,1.1554799999999998,51.07757,POINT (1.15548 51.07757),1925,CT20 2
157,26796946,1.1637,51.07942,POINT (1.1637 51.07942),1925,CT20 2
182,26813112,1.17239,51.07589,POINT (1.17239 51.07589),1925,CT20 2
187,26815707,1.16831,51.07728,POINT (1.16831 51.07728),1925,CT20 2
211,26829605,1.1725700000000001,51.075959999999995,POINT (1.17257 51.07595999999999),1925,CT20 2
224,26836592,1.17655,51.07799,POINT (1.17655 51.07799),1925,CT20 2
225,26836740,1.17239,51.079440000000005,POINT (1.17239 51.07944000000001),1925,CT20 2
233,26841047,1.15911,51.07656,POINT (1.15911 51.07656),1925,CT20 2
239,26846519,1.17485,51.07848,POINT (1.17485 51.07848),1925,CT20 2
253,26856416,1.16526,51.07608,POINT (1.16526 51.07608),1925,CT20 2
261,26861058,1.15838,51.07987,POINT (1.15838 51.07987),1925,CT20 2
264,26863070,1.1754799999999999,51.0794,POINT (1.17548 51.0794),1925,CT20 2
295,26887984,1.17612,51.077290000000005,POINT (1.17612 51.07729),1925,CT20 2
320,26910690,1.17444,51.07736,POINT (1.17444 51.07736),1925,CT20 2
327,26917713,1.16946,51.0814,POINT (1.16946 51.0814),1925,CT20 2
331,26923365,1.17076,51.07934,POINT (1.17076 51.07934),1925,CT20 2
339,26931627,1.16402,51.07882,POINT (1.16402 51.07882),1925,CT20 2
343,26932772,1.1754799999999999,51.0794,POINT (1.17548 51.0794),1925,CT20 2
352,26936748,1.17334,51.08033,POINT (1.17334 51.08033),1925,CT20 2
353,26937745,1.17292,51.07699,POINT (1.17292 51.07699),1925,CT20 2
357,26939694,1.16946,51.0814,POINT (1.16946 51.0814),1925,CT20 2
366,26946060,1.17501,51.07608,POINT (1.17501 51.07608),1925,CT20 2
394,26966225,1.16946,51.0814,POINT (1.16946 51.0814),1925,CT20 2
425,26990065,1.16526,51.07608,POINT (1.16526 51.07608),1925,CT20 2
466,27019612,1.16793,51.07651,POINT (1.16793 51.07651),1925,CT20 2
488,27042919,1.1608,51.07351,POINT (1.1608 51.07351),1925,CT20 2
499,27049396,1.16021,51.081720000000004,POINT (1.16021 51.08172),1925,CT20 2
507,27055450,1.16351,51.07513,POINT (1.16351 51.07513),1925,CT20 2
515,27059032,1.16245,51.0765,POINT (1.16245 51.0765),1925,CT20 2
530,27070317,1.16341,51.08174,POINT (1.16341 51.08174),1925,CT20 2
548,27085896,1.1548399999999999,51.08356,POINT (1.15484 51.08356),1925,CT20 2
559,27092212,1.1715200000000001,51.0788,POINT (1.17152 51.0788),1925,CT20 2
576,27108351,1.15838,51.07987,POINT (1.15838 51.07987),1925,CT20 2
614,27135644,1.16231,51.08175,POINT (1.16231 51.08175),1925,CT20 2
623,27146965,1.15422,51.07562,POINT (1.15422 51.07562),1925,CT20 2
636,27157352,1.1571,51.07379,POINT (1.1571 51.07379),1925,CT20 2
653,27169244,1.1608,51.07351,POINT (1.1608 51.07351),1925,CT20 2
670,27179705,1.15913,51.07656,POINT (1.15913 51.07656),1925,CT20 2
706,27206533,1.1753799999999999,51.07677,POINT (1.17538 51.07677),1925,CT20 2
729,27219338,1.15346,51.08399,POINT (1.15346 51.08399),1925,CT20 2
784,27263792,1.16048,51.07827,POINT (1.16048 51.07827),1925,CT20 2
801,27277677,1.17462,51.07972,POINT (1.17462 51.07972),1925,CT20 2
817,27288543,1.17585,51.07631,POINT (1.17585 51.07631),1925,CT20 2
832,27300636,1.16793,51.07651,POINT (1.16793 51.07651),1925,CT20 2
854,27310141,1.1653799999999999,51.07788,POINT (1.16538 51.07788),1925,CT20 2
856,27310818,1.16949,51.08115,POINT (1.16949 51.08115),1925,CT20 2
887,27329370,1.15565,51.08174,POINT (1.15565 51.08174),1925,CT20 2
895,27334895,1.16374,51.0749,POINT (1.16374 51.0749),1925,CT20 2
907,27345667,1.16442,51.074709999999996,POINT (1.16442 51.07471),1925,CT20 2
912,27349214,1.16141,51.08248,POINT (1.16141 51.08248),1925,CT20 2
913,27349339,1.16385,51.07917,POINT (1.16385 51.07917),1925,CT20 2
963,27396292,1.16351,51.07513,POINT (1.16351 51.07513),1925,CT20 2
964,27396361,1.17078,51.08101,POINT (1.17078 51.08101),1925,CT20 2
967,27399771,1.1614,51.08173,POINT (1.1614 51.08173),1925,CT20 2
977,27406363,1.16762,51.082159999999995,POINT (1.16762 51.08215999999999),1925,CT20 2
1002,27422217,1.17459,51.07772,POINT (1.17459 51.07772),1925,CT20 2
1014,27432801,1.1675200000000001,51.08222,POINT (1.16752 51.08222),1925,CT20 2
1020,27438244,1.17387,51.07675,POINT (1.17387 51.07675),1925,CT20 2
1025,27439263,1.17387,51.07675,POINT (1.17387 51.07675),1925,CT20 2
1026,27439804,1.15838,51.07987,POINT (1.15838 51.07987),1925,CT20 2
1027,27442575,1.16998,51.07803,POINT (1.16998 51.07803),1925,CT20 2
1046,27458076,1.1523299999999999,51.08036,POINT (1.15233 51.08036),1925,CT20 2
1052,27461785,1.1571,51.07379,POINT (1.1571 51.07379),1925,CT20 2
1055,27465330,1.17536,51.07761,POINT (1.17536 51.07761),1925,CT20 2
1093,27494130,1.15869,51.07763,POINT (1.15869 51.07763),1925,CT20 2
1104,27500579,1.16788,51.0791,POINT (1.16788 51.0791),1925,CT20 2
1113,27505699,1.16545,51.07782,POINT (1.16545 51.07782),1925,CT20 2
1127,27517190,1.16654,51.076809999999995,POINT (1.16654 51.07680999999999),1925,CT20 2
1143,27533151,1.17261,51.0783,POINT (1.17261 51.0783),1925,CT20 2
1184,27565765,1.17115,51.07862,POINT (1.17115 51.07862),1925,CT20 2
7,26692820,0.95614,51.11153,POINT (0.95614 51.11153),9689,TN25 6
10,26694682,1.0413,51.10686,POINT (1.0413 51.10686),9689,TN25 6
14,26695518,0.96155,51.11867,POINT (0.96155 51.11867),9689,TN25 6
58,26728127,1.0466799999999998,51.10152,POINT (1.04668 51.10152),9689,TN25 6
62,26729941,1.00296,51.10335,POINT (1.00296 51.10335),9689,TN25 6
68,26732886,0.96155,51.11867,POINT (0.96155 51.11867),9689,TN25 6
96,26755807,1.00548,51.10293,POINT (1.00548 51.10293),9689,TN25 6
118,26772788,0.96844,51.12443,POINT (0.96844 51.12443),9689,TN25 6
186,26815673,0.97272,51.124320000000004,POINT (0.97272 51.12432),9689,TN25 6
194,26820704,0.9909399999999999,51.10757,POINT (0.9909399999999999 51.10757),9689,TN25 6
203,26825733,0.93253,51.12174,POINT (0.93253 51.12174),9689,TN25 6
210,26829055,1.03096,51.10962,POINT (1.03096 51.10962),9689,TN25 6
246,26851544,0.9728399999999999,51.12612,POINT (0.9728399999999999 51.12612),9689,TN25 6
272,26870067,0.97088,51.1114,POINT (0.97088 51.1114),9689,TN25 6
298,26891197,0.94375,51.124320000000004,POINT (0.94375 51.12432),9689,TN25 6
311,26899310,0.93179,51.120940000000004,POINT (0.93179 51.12094),9689,TN25 6
321,26911655,0.9744200000000001,51.11116,POINT (0.9744200000000001 51.11116),9689,TN25 6
322,26913124,0.97825,51.12148,POINT (0.97825 51.12148),9689,TN25 6
367,26946642,0.98044,51.11067,POINT (0.98044 51.11067),9689,TN25 6
409,26977234,0.92585,51.1291,POINT (0.92585 51.1291),9689,TN25 6
414,26981199,0.9714799999999999,51.12663,POINT (0.9714799999999999 51.12663),9689,TN25 6
419,26983234,0.9533,51.11351,POINT (0.9533 51.11351),9689,TN25 6
421,26985459,1.0236100000000001,51.110440000000004,POINT (1.02361 51.11044),9689,TN25 6
455,27012824,1.0464799999999999,51.11996,POINT (1.04648 51.11996),9689,TN25 6
464,27018906,1.00296,51.10335,POINT (1.00296 51.10335),9689,TN25 6
502,27050117,1.03329,51.13532,POINT (1.03329 51.13532),9689,TN25 6
510,27057420,1.04296,51.15412,POINT (1.04296 51.15412),9689,TN25 6
566,27099367,0.9441700000000001,51.1064,POINT (0.9441700000000001 51.1064),9689,TN25 6
628,27152016,0.96234,51.12068,POINT (0.96234 51.12068),9689,TN25 6
632,27156241,0.9625600000000001,51.12188,POINT (0.9625600000000001 51.12188),9689,TN25 6
646,27163281,1.01007,51.09429,POINT (1.01007 51.09429),9689,TN25 6
660,27174780,0.97278,51.12522,POINT (0.97278 51.12522),9689,TN25 6
695,27198349,1.01742,51.092729999999996,POINT (1.01742 51.09273),9689,TN25 6
697,27199451,0.9829899999999999,51.110040000000005,POINT (0.9829899999999999 51.11004000000001),9689,TN25 6
716,27212346,0.98639,51.1126,POINT (0.98639 51.1126),9689,TN25 6
731,27221468,0.99116,51.10079,POINT (0.99116 51.10079),9689,TN25 6
747,27230636,0.9172,51.1321,POINT (0.9172 51.1321),9689,TN25 6
748,27230952,1.01522,51.09049,POINT (1.01522 51.09049),9689,TN25 6
782,27263105,0.95614,51.11153,POINT (0.95614 51.11153),9689,TN25 6
790,27268444,0.96001,51.12223,POINT (0.96001 51.12223),9689,TN25 6
818,27289089,0.9314100000000001,51.12211,POINT (0.9314100000000001 51.12211),9689,TN25 6
821,27292611,1.00567,51.103390000000005,POINT (1.00567 51.10339),9689,TN25 6
837,27303824,0.95539,51.115,POINT (0.95539 51.115),9689,TN25 6
843,27306728,0.9884799999999999,51.12482,POINT (0.9884799999999999 51.12482),9689,TN25 6
865,27316050,0.94399,51.12409,POINT (0.94399 51.12409),9689,TN25 6
930,27372988,1.0313700000000001,51.13114,POINT (1.03137 51.13114),9689,TN25 6
936,27378677,1.04462,51.1205,POINT (1.04462 51.1205),9689,TN25 6
943,27384057,0.94378,51.12437,POINT (0.94378 51.12437),9689,TN25 6
960,27395120,1.0123,51.09154,POINT (1.0123 51.09154),9689,TN25 6
968,27400592,1.0086,51.10451,POINT (1.0086 51.10451),9689,TN25 6
976,27406076,0.9780399999999999,51.12637,POINT (0.9780399999999999 51.12637),9689,TN25 6
994,27415931,0.95042,51.12219,POINT (0.95042 51.12219),9689,TN25 6
998,27418111,1.0379200000000002,51.097,POINT (1.03792 51.097),9689,TN25 6
1001,27421668,0.9763799999999999,51.121159999999996,POINT (0.9763799999999999 51.12116),9689,TN25 6
1008,27428844,1.0026700000000002,51.1044,POINT (1.00267 51.1044),9689,TN25 6
1041,27456190,1.03685,51.135740000000006,POINT (1.03685 51.13574000000001),9689,TN25 6
1049,27461089,0.93521,51.118970000000004,POINT (0.93521 51.11897),9689,TN25 6
1050,27461282,0.93501,51.11888,POINT (0.93501 51.11888),9689,TN25 6
1062,27469194,0.9339,51.1208,POINT (0.9339 51.1208),9689,TN25 6
1075,27478310,0.96862,51.12373,POINT (0.96862 51.12373),9689,TN25 6
1079,27482293,0.9334100000000001,51.11497,POINT (0.9334100000000001 51.11497),9689,TN25 6
1144,27533208,1.04316,51.14998,POINT (1.04316 51.14998),9689,TN25 6
1149,27540132,1.02274,51.11221,POINT (1.02274 51.11221),9689,TN25 6
1162,27549340,0.9301299999999999,51.117779999999996,POINT (0.9301299999999999 51.11778),9689,TN25 6
1170,27554054,0.97088,51.1114,POINT (0.97088 51.1114),9689,TN25 6
1172,27554972,0.97825,51.12148,POINT (0.97825 51.12148),9689,TN25 6
1197,27573328,0.9248799999999999,51.11383,POINT (0.9248799999999999 51.11383),9689,TN25 6
1199,27575305,0.93501,51.11888,POINT (0.93501 51.11888),9689,TN25 6
9,26694031,1.17872,51.07809,POINT (1.17872 51.07809),1924,CT20 1
66,26732447,1.1769399999999999,51.07972,POINT (1.17694 51.07972),1924,CT20 1
67,26732513,1.1799,51.08135,POINT (1.1799 51.08135),1924,CT20 1
108,26767239,1.18559,51.0786,POINT (1.18559 51.0786),1924,CT20 1
153,26794202,1.18203,51.08093,POINT (1.18203 51.08093),1924,CT20 1
167,26800815,1.17969,51.08267,POINT (1.17969 51.08267),1924,CT20 1
207,26826925,1.18381,51.0808,POINT (1.18381 51.0808),1924,CT20 1
220,26834788,1.17554,51.07973,POINT (1.17554 51.07973),1924,CT20 1
256,26856860,1.17806,51.0799,POINT (1.17806 51.0799),1924,CT20 1
265,26864047,1.18731,51.07824,POINT (1.18731 51.07824),1924,CT20 1
270,26867305,1.17846,51.08112,POINT (1.17846 51.08112),1924,CT20 1
279,26876502,1.17424,51.08214,POINT (1.17424 51.08214),1924,CT20 1
299,26891537,1.1769399999999999,51.07972,POINT (1.17694 51.07972),1924,CT20 1
302,26893903,1.18371,51.078109999999995,POINT (1.18371 51.07811),1924,CT20 1
306,26894903,1.1799,51.08135,POINT (1.1799 51.08135),1924,CT20 1
314,26904948,1.18005,51.08127,POINT (1.18005 51.08127),1924,CT20 1
324,26914688,1.17703,51.08116,POINT (1.17703 51.08116),1924,CT20 1
340,26931815,1.1752200000000002,51.08095,POINT (1.17522 51.08095),1924,CT20 1
349,26933822,1.18287,51.07933,POINT (1.18287 51.07933),1924,CT20 1
364,26945272,1.18321,51.082440000000005,POINT (1.18321 51.08244000000001),1924,CT20 1
382,26958952,1.1798899999999999,51.08317,POINT (1.17989 51.08317),1924,CT20 1
388,26962591,1.18246,51.08185,POINT (1.18246 51.08185),1924,CT20 1
398,26970287,1.18571,51.08272,POINT (1.18571 51.08272),1924,CT20 1
405,26974139,1.1794799999999999,51.07905,POINT (1.17948 51.07905),1924,CT20 1
441,27000938,1.1832,51.081379999999996,POINT (1.1832 51.08138),1924,CT20 1
492,27046478,1.18707,51.078309999999995,POINT (1.18707 51.07830999999999),1924,CT20 1
498,27049337,1.18143,51.082840000000004,POINT (1.18143 51.08284),1924,CT20 1
521,27063603,1.1821,51.08217,POINT (1.1821 51.08217),1924,CT20 1
531,27071903,1.18015,51.07873,POINT (1.18015 51.07873),1924,CT20 1
561,27093011,1.18559,51.0786,POINT (1.18559 51.0786),1924,CT20 1
582,27111345,1.18559,51.0786,POINT (1.18559 51.0786),1924,CT20 1
584,27115703,1.18001,51.08125,POINT (1.18001 51.08125),1924,CT20 1
604,27129259,1.18172,51.0821,POINT (1.18172 51.0821),1924,CT20 1
610,27132174,1.17815,51.07977,POINT (1.17815 51.07977),1924,CT20 1
634,27156751,1.1863700000000001,51.08549,POINT (1.18637 51.08549),1924,CT20 1
713,27211141,1.18602,51.08291,POINT (1.18602 51.08291),1924,CT20 1
749,27231919,1.18056,51.08279,POINT (1.18056 51.08279),1924,CT20 1
762,27247471,1.18287,51.07933,POINT (1.18287 51.07933),1924,CT20 1
787,27265886,1.18559,51.0786,POINT (1.18559 51.0786),1924,CT20 1
825,27295289,1.18391,51.077909999999996,POINT (1.18391 51.07791),1924,CT20 1
841,27305409,1.17734,51.08088,POINT (1.17734 51.08088),1924,CT20 1
844,27307049,1.1859,51.08542,POINT (1.1859 51.08542),1924,CT20 1
879,27323999,1.18559,51.0786,POINT (1.18559 51.0786),1924,CT20 1
897,27338868,1.18541,51.08576,POINT (1.18541 51.08576),1924,CT20 1
899,27340985,1.18135,51.08357,POINT (1.18135 51.08357),1924,CT20 1
915,27349933,1.18194,51.08272,POINT (1.18194 51.08272),1924,CT20 1
951,27388663,1.18267,51.08011,POINT (1.18267 51.08011),1924,CT20 1
955,27392284,1.18612,51.08023,POINT (1.18612 51.08023),1924,CT20 1
962,27395704,1.18391,51.08325,POINT (1.18391 51.08325),1924,CT20 1
965,27396856,1.1860700000000002,51.081759999999996,POINT (1.18607 51.08176),1924,CT20 1
978,27406748,1.18755,51.083059999999996,POINT (1.18755 51.08306),1924,CT20 1
1011,27431098,1.18391,51.08325,POINT (1.18391 51.08325),1924,CT20 1
1028,27442956,1.18858,51.077729999999995,POINT (1.18858 51.07773),1924,CT20 1
1051,27461498,1.18045,51.08173,POINT (1.18045 51.08173),1924,CT20 1
1072,27475351,1.1826299999999998,51.08177,POINT (1.18263 51.08177),1924,CT20 1
1116,27506330,1.1749,51.08229,POINT (1.1749 51.08229),1924,CT20 1
1125,27516345,1.18171,51.08376,POINT (1.18171 51.08376),1924,CT20 1
1130,27518987,1.18292,51.0837,POINT (1.18292 51.0837),1924,CT20 1
1139,27529622,1.1785700000000001,51.080459999999995,POINT (1.17857 51.08046),1924,CT20 1
1148,27537286,1.17845,51.07956,POINT (1.17845 51.07956),1924,CT20 1
1153,27542938,1.1836200000000001,51.07806,POINT (1.18362 51.07806),1924,CT20 1
1157,27547252,1.1769399999999999,51.07972,POINT (1.17694 51.07972),1924,CT20 1
1161,27548663,1.18287,51.07933,POINT (1.18287 51.07933),1924,CT20 1
1163,27551114,1.18521,51.08513,POINT (1.18521 51.08513),1924,CT20 1
1179,27559435,1.17327,51.08108,POINT (1.17327 51.08108),1924,CT20 1
15,26695696,1.16078,51.11201,POINT (1.16078 51.11201),1915,CT18 7
20,26697332,1.15352,51.110890000000005,POINT (1.15352 51.11089),1915,CT18 7
34,26706328,1.15829,51.13224,POINT (1.15829 51.13224),1915,CT18 7
45,26715400,1.23092,51.10491,POINT (1.23092 51.10491),1915,CT18 7
51,26721443,1.1602700000000001,51.119279999999996,POINT (1.16027 51.11928),1915,CT18 7
59,26728465,1.15168,51.1065,POINT (1.15168 51.1065),1915,CT18 7
72,26734873,1.21495,51.11192,POINT (1.21495 51.11192),1915,CT18 7
79,26738947,1.15025,51.11376,POINT (1.15025 51.11376),1915,CT18 7
84,26743394,1.16115,51.11634,POINT (1.16115 51.11634),1915,CT18 7
86,26748191,1.16649,51.11419,POINT (1.16649 51.11419),1915,CT18 7
95,26754920,1.15959,51.11442,POINT (1.15959 51.11442),1915,CT18 7
100,26759193,1.1636799999999998,51.11571,POINT (1.16368 51.11571),1915,CT18 7
114,26771999,1.15078,51.12583,POINT (1.15078 51.12583),1915,CT18 7
127,26778085,1.1591799999999999,51.12845,POINT (1.15918 51.12845),1915,CT18 7
135,26783280,1.16668,51.11566,POINT (1.16668 51.11566),1915,CT18 7
145,26790606,1.18451,51.11459,POINT (1.18451 51.11459),1915,CT18 7
151,26792895,1.14862,51.11417,POINT (1.14862 51.11417),1915,CT18 7
152,26794110,1.1618899999999999,51.11195,POINT (1.16189 51.11195),1915,CT18 7
154,26794621,1.2308,51.10374,POINT (1.2308 51.10374),1915,CT18 7
156,26796387,1.16265,51.113009999999996,POINT (1.16265 51.11301),1915,CT18 7
159,26797177,1.2092100000000001,51.11267,POINT (1.20921 51.11267),1915,CT18 7
166,26800319,1.2129299999999998,51.10447,POINT (1.21293 51.10447),1915,CT18 7
175,26809906,1.1727299999999998,51.122659999999996,POINT (1.17273 51.12266),1915,CT18 7
184,26813832,1.15221,51.115120000000005,POINT (1.15221 51.11512),1915,CT18 7
191,26817350,1.16265,51.113009999999996,POINT (1.16265 51.11301),1915,CT18 7
193,26819465,1.15581,51.10864,POINT (1.15581 51.10864),1915,CT18 7
202,26825175,1.1634200000000001,51.11329,POINT (1.16342 51.11329),1915,CT18 7
208,26827126,1.16362,51.11481,POINT (1.16362 51.11481),1915,CT18 7
227,26837934,1.1504299999999998,51.11392,POINT (1.15043 51.11392),1915,CT18 7
240,26846706,1.17069,51.11372,POINT (1.17069 51.11372),1915,CT18 7
243,26847807,1.16825,51.101259999999996,POINT (1.16825 51.10126),1915,CT18 7
244,26847815,1.1516600000000001,51.11058,POINT (1.15166 51.11058),1915,CT18 7
249,26855358,1.2251,51.10902,POINT (1.2251 51.10902),1915,CT18 7
250,26855442,1.15829,51.13224,POINT (1.15829 51.13224),1915,CT18 7
269,26866290,1.16078,51.11201,POINT (1.16078 51.11201),1915,CT18 7
276,26873856,1.15864,51.131029999999996,POINT (1.15864 51.13103),1915,CT18 7
284,26878361,1.15624,51.11141,POINT (1.15624 51.11141),1915,CT18 7
289,26883722,1.16024,51.112159999999996,POINT (1.16024 51.11216),1915,CT18 7
296,26889097,1.20737,51.12781,POINT (1.20737 51.12781),1915,CT18 7
300,26891882,1.17276,51.10481,POINT (1.17276 51.10481),1915,CT18 7
319,26910617,1.14963,51.12873,POINT (1.14963 51.12873),1915,CT18 7
325,26914921,1.15896,51.1289,POINT (1.15896 51.1289),1915,CT18 7
332,26923495,1.16078,51.11201,POINT (1.16078 51.11201),1915,CT18 7
334,26926074,1.15072,51.114259999999994,POINT (1.15072 51.11425999999999),1915,CT18 7
347,26933201,1.15967,51.11197,POINT (1.15967 51.11197),1915,CT18 7
350,26934551,1.1734799999999999,51.11274,POINT (1.17348 51.11274),1915,CT18 7
356,26939394,1.16078,51.11201,POINT (1.16078 51.11201),1915,CT18 7
371,26948711,1.15867,51.13264,POINT (1.15867 51.13264),1915,CT18 7
384,26961582,1.16394,51.1145,POINT (1.16394 51.1145),1915,CT18 7
386,26961664,1.15221,51.115120000000005,POINT (1.15221 51.11512),1915,CT18 7
395,26968527,1.16078,51.11201,POINT (1.16078 51.11201),1915,CT18 7
399,26970455,1.16735,51.11122,POINT (1.16735 51.11122),1915,CT18 7
411,26978117,1.15829,51.13224,POINT (1.15829 51.13224),1915,CT18 7
412,26979331,1.1776,51.1069,POINT (1.1776 51.1069),1915,CT18 7
432,26993459,1.1541299999999999,51.11203,POINT (1.15413 51.11203),1915,CT18 7
438,26999464,1.15514,51.10083,POINT (1.15514 51.10083),1915,CT18 7
442,27001257,1.16693,51.10814,POINT (1.16693 51.10814),1915,CT18 7
444,27003493,1.15829,51.13224,POINT (1.15829 51.13224),1915,CT18 7
446,27005213,1.1679,51.11469,POINT (1.1679 51.11469),1915,CT18 7
474,27027524,1.20561,51.09904,POINT (1.20561 51.09904),1915,CT18 7
476,27030226,1.15829,51.13224,POINT (1.15829 51.13224),1915,CT18 7
504,27051689,1.16825,51.101259999999996,POINT (1.16825 51.10126),1915,CT18 7
509,27057036,1.2092100000000001,51.11267,POINT (1.20921 51.11267),1915,CT18 7
511,27058381,1.1571200000000001,51.13312,POINT (1.15712 51.13312),1915,CT18 7
519,27061551,1.1522,51.11376,POINT (1.1522 51.11376),1915,CT18 7
541,27079766,1.16032,51.129290000000005,POINT (1.16032 51.12929),1915,CT18 7
545,27081931,1.1636799999999998,51.11571,POINT (1.16368 51.11571),1915,CT18 7
553,27087754,1.2084,51.10099,POINT (1.2084 51.10099),1915,CT18 7
557,27090011,1.2075200000000001,51.12789,POINT (1.20752 51.12789),1915,CT18 7
560,27092308,1.2075200000000001,51.12789,POINT (1.20752 51.12789),1915,CT18 7
564,27096246,1.21014,51.10284,POINT (1.21014 51.10284),1915,CT18 7
565,27098318,1.17069,51.11372,POINT (1.17069 51.11372),1915,CT18 7
572,27102487,1.17123,51.10753,POINT (1.17123 51.10753),1915,CT18 7
607,27130665,1.1595600000000001,51.11588,POINT (1.15956 51.11588),1915,CT18 7
630,27154062,1.16185,51.1126,POINT (1.16185 51.1126),1915,CT18 7
649,27165386,1.2207,51.101820000000004,POINT (1.2207 51.10182),1915,CT18 7
664,27177475,1.15804,51.13035,POINT (1.15804 51.13035),1915,CT18 7
687,27188884,1.18451,51.11459,POINT (1.18451 51.11459),1915,CT18 7
693,27196785,1.16482,51.115590000000005,POINT (1.16482 51.11559),1915,CT18 7
698,27200234,1.2023700000000002,51.11226,POINT (1.20237 51.11226),1915,CT18 7
699,27201092,1.16683,51.11229,POINT (1.16683 51.11229),1915,CT18 7
709,27208449,1.22695,51.10051,POINT (1.22695 51.10051),1915,CT18 7
718,27213348,1.1625299999999998,51.11743,POINT (1.16253 51.11743),1915,CT18 7
723,27216055,1.15867,51.13264,POINT (1.15867 51.13264),1915,CT18 7
754,27238719,1.16963,51.11915,POINT (1.16963 51.11915),1915,CT18 7
755,27240500,1.2065700000000001,51.1011,POINT (1.20657 51.1011),1915,CT18 7
756,27241553,1.1564299999999998,51.10909,POINT (1.15643 51.10909),1915,CT18 7
757,27242183,1.20245,51.097559999999994,POINT (1.20245 51.09755999999999),1915,CT18 7
814,27284160,1.16442,51.116479999999996,POINT (1.16442 51.11648),1915,CT18 7
822,27292943,1.15867,51.13264,POINT (1.15867 51.13264),1915,CT18 7
827,27297119,1.1571200000000001,51.13312,POINT (1.15712 51.13312),1915,CT18 7
831,27300171,1.16344,51.112120000000004,POINT (1.16344 51.11212),1915,CT18 7
834,27301460,1.16185,51.1126,POINT (1.16185 51.1126),1915,CT18 7
845,27307810,1.15829,51.13224,POINT (1.15829 51.13224),1915,CT18 7
851,27309174,1.15581,51.10864,POINT (1.15581 51.10864),1915,CT18 7
855,27310610,1.23924,51.10376,POINT (1.23924 51.10376),1915,CT18 7
861,27313845,1.1618899999999999,51.11636,POINT (1.16189 51.11636),1915,CT18 7
883,27327006,1.15333,51.11059,POINT (1.15333 51.11059),1915,CT18 7
888,27329456,1.15829,51.13224,POINT (1.15829 51.13224),1915,CT18 7
889,27330010,1.15829,51.13224,POINT (1.15829 51.13224),1915,CT18 7
909,27346641,1.16296,51.11978,POINT (1.16296 51.11978),1915,CT18 7
921,27357585,1.19939,51.09641,POINT (1.19939 51.09641),1915,CT18 7
923,27358041,1.2389,51.10426,POINT (1.2389 51.10426),1915,CT18 7
939,27380695,1.2103700000000002,51.10301,POINT (1.21037 51.10301),1915,CT18 7
975,27405977,1.16487,51.11764,POINT (1.16487 51.11764),1915,CT18 7
982,27409111,1.22251,51.100559999999994,POINT (1.22251 51.10055999999999),1915,CT18 7
996,27417306,1.15829,51.13224,POINT (1.15829 51.13224),1915,CT18 7
1019,27437970,1.15181,51.10946,POINT (1.15181 51.10946),1915,CT18 7
1040,27455678,1.14503,51.10453,POINT (1.14503 51.10453),1915,CT18 7
1043,27457108,1.16113,51.111309999999996,POINT (1.16113 51.11131),1915,CT18 7
1060,27467577,1.2075200000000001,51.12789,POINT (1.20752 51.12789),1915,CT18 7
1066,27472532,1.1698899999999999,51.11182,POINT (1.16989 51.11182),1915,CT18 7
1089,27490538,1.16014,51.1266,POINT (1.16014 51.1266),1915,CT18 7
1092,27493824,1.1563,51.11231,POINT (1.1563 51.11231),1915,CT18 7
1097,27495565,1.16089,51.13327,POINT (1.16089 51.13327),1915,CT18 7
1100,27497541,1.17546,51.12079,POINT (1.17546 51.12079),1915,CT18 7
1103,27500237,1.2023700000000002,51.11226,POINT (1.20237 51.11226),1915,CT18 7
1105,27500674,1.15967,51.11197,POINT (1.15967 51.11197),1915,CT18 7
1131,27519386,1.15967,51.11197,POINT (1.15967 51.11197),1915,CT18 7
1134,27526968,1.16024,51.112159999999996,POINT (1.16024 51.11216),1915,CT18 7
1158,27548151,1.1621299999999999,51.11395,POINT (1.16213 51.11395),1915,CT18 7
1178,27558373,1.20992,51.101240000000004,POINT (1.20992 51.10124),1915,CT18 7
1194,27571216,1.15783,51.11357,POINT (1.15783 51.11357),1915,CT18 7
19,26696742,1.08463,51.13042,POINT (1.08463 51.13042),1916,CT18 8
22,26698350,1.12084,51.09942,POINT (1.12084 51.09942),1916,CT18 8
30,26702501,1.09086,51.125859999999996,POINT (1.09086 51.12586),1916,CT18 8
37,26709537,1.12606,51.095,POINT (1.12606 51.095),1916,CT18 8
73,26735175,1.1055700000000002,51.08038,POINT (1.10557 51.08038),1916,CT18 8
99,26759008,1.101,51.11548,POINT (1.101 51.11548),1916,CT18 8
102,26759335,1.12152,51.09243,POINT (1.12152 51.09243),1916,CT18 8
119,26773143,1.09538,51.0941,POINT (1.09538 51.0941),1916,CT18 8
164,26798447,1.0818299999999998,51.13139,POINT (1.08183 51.13139),1916,CT18 8
168,26802744,1.10677,51.09394,POINT (1.10677 51.09394),1916,CT18 8
179,26811649,1.12117,51.09567,POINT (1.12117 51.09567),1916,CT18 8
180,26811758,1.08899,51.12182,POINT (1.08899 51.12182),1916,CT18 8
181,26812160,1.1165200000000002,51.09449,POINT (1.11652 51.09449),1916,CT18 8
198,26823057,1.12362,51.0911,POINT (1.12362 51.0911),1916,CT18 8
205,26826223,1.12152,51.09243,POINT (1.12152 51.09243),1916,CT18 8
214,26829812,1.11822,51.0932,POINT (1.11822 51.0932),1916,CT18 8
229,26839676,1.12606,51.095,POINT (1.12606 51.095),1916,CT18 8
266,26864799,1.0498,51.12605,POINT (1.0498 51.12605),1916,CT18 8
283,26877862,1.10677,51.09394,POINT (1.10677 51.09394),1916,CT18 8
285,26879715,1.10677,51.09394,POINT (1.10677 51.09394),1916,CT18 8
288,26882715,1.09439,51.1135,POINT (1.09439 51.1135),1916,CT18 8
316,26909208,1.1248799999999999,51.088640000000005,POINT (1.12488 51.08864000000001),1916,CT18 8
344,26932866,1.0936299999999999,51.111470000000004,POINT (1.09363 51.11147),1916,CT18 8
365,26945276,1.0932,51.11457,POINT (1.0932 51.11457),1916,CT18 8
391,26965842,1.12667,51.09435,POINT (1.12667 51.09435),1916,CT18 8
407,26976076,1.09627,51.112120000000004,POINT (1.09627 51.11212),1916,CT18 8
431,26993335,1.09627,51.112120000000004,POINT (1.09627 51.11212),1916,CT18 8
435,26997262,1.10677,51.09394,POINT (1.10677 51.09394),1916,CT18 8
465,27019096,1.12606,51.095,POINT (1.12606 51.095),1916,CT18 8
475,27029662,1.0873,51.12765,POINT (1.0873 51.12765),1916,CT18 8
482,27035290,1.09627,51.112120000000004,POINT (1.09627 51.11212),1916,CT18 8
494,27046807,1.1226399999999999,51.094570000000004,POINT (1.12264 51.09457),1916,CT18 8
503,27050966,1.09865,51.13118,POINT (1.09865 51.13118),1916,CT18 8
520,27062119,1.09457,51.10248,POINT (1.09457 51.10248),1916,CT18 8
524,27065268,1.12606,51.095,POINT (1.12606 51.095),1916,CT18 8
525,27065590,1.12606,51.095,POINT (1.12606 51.095),1916,CT18 8
543,27081508,1.09093,51.1268,POINT (1.09093 51.1268),1916,CT18 8
554,27088304,1.08111,51.13657,POINT (1.08111 51.13657),1916,CT18 8
573,27105289,1.12667,51.09435,POINT (1.12667 51.09435),1916,CT18 8
599,27124678,1.12585,51.08978,POINT (1.12585 51.08978),1916,CT18 8
602,27128184,1.12652,51.09156,POINT (1.12652 51.09156),1916,CT18 8
621,27144677,1.0917299999999999,51.12912,POINT (1.09173 51.12912),1916,CT18 8
624,27147322,1.12606,51.095,POINT (1.12606 51.095),1916,CT18 8
666,27177693,1.12667,51.09435,POINT (1.12667 51.09435),1916,CT18 8
672,27179965,1.12606,51.095,POINT (1.12606 51.095),1916,CT18 8
673,27181180,1.12606,51.095,POINT (1.12606 51.095),1916,CT18 8
678,27183911,1.10481,51.08084,POINT (1.10481 51.08084),1916,CT18 8
685,27188528,1.12363,51.08977,POINT (1.12363 51.08977),1916,CT18 8
701,27203023,1.08445,51.127720000000004,POINT (1.08445 51.12772),1916,CT18 8
707,27207907,1.12606,51.095,POINT (1.12606 51.095),1916,CT18 8
720,27214145,1.0859299999999998,51.12858,POINT (1.08593 51.12858),1916,CT18 8
724,27216492,1.09307,51.12839,POINT (1.09307 51.12839),1916,CT18 8
736,27224612,1.1259299999999999,51.0942,POINT (1.12593 51.0942),1916,CT18 8
742,27228485,1.08111,51.13657,POINT (1.08111 51.13657),1916,CT18 8
745,27229813,1.12385,51.09001,POINT (1.12385 51.09001),1916,CT18 8
761,27245625,1.1029200000000001,51.08934,POINT (1.10292 51.08934),1916,CT18 8
763,27247637,1.08685,51.12721,POINT (1.08685 51.12721),1916,CT18 8
769,27252204,1.12667,51.09435,POINT (1.12667 51.09435),1916,CT18 8
775,27256147,1.12585,51.08978,POINT (1.12585 51.08978),1916,CT18 8
778,27260435,1.12585,51.08978,POINT (1.12585 51.08978),1916,CT18 8
786,27265509,1.08891,51.1303,POINT (1.08891 51.1303),1916,CT18 8
788,27267988,1.12249,51.09668,POINT (1.12249 51.09668),1916,CT18 8
792,27268951,1.12667,51.09435,POINT (1.12667 51.09435),1916,CT18 8
823,27294336,1.12667,51.09435,POINT (1.12667 51.09435),1916,CT18 8
829,27297760,1.09556,51.113659999999996,POINT (1.09556 51.11366),1916,CT18 8
836,27303098,1.11618,51.09329,POINT (1.11618 51.09329),1916,CT18 8
853,27309978,1.09538,51.0941,POINT (1.09538 51.0941),1916,CT18 8
858,27312420,1.12667,51.09435,POINT (1.12667 51.09435),1916,CT18 8
866,27316307,1.054,51.12375,POINT (1.054 51.12375),1916,CT18 8
870,27317643,1.12084,51.09942,POINT (1.12084 51.09942),1916,CT18 8
896,27337940,1.08867,51.126709999999996,POINT (1.08867 51.12671),1916,CT18 8
942,27382259,1.12667,51.09435,POINT (1.12667 51.09435),1916,CT18 8
1036,27450896,1.1226399999999999,51.094570000000004,POINT (1.12264 51.09457),1916,CT18 8
1042,27456289,1.1073,51.0956,POINT (1.1073 51.0956),1916,CT18 8
1065,27471935,1.1163299999999998,51.09616,POINT (1.11633 51.09616),1916,CT18 8
1081,27483034,1.12585,51.08978,POINT (1.12585 51.08978),1916,CT18 8
1106,27501141,1.1055700000000002,51.08038,POINT (1.10557 51.08038),1916,CT18 8
1112,27504209,1.1210799999999999,51.09567,POINT (1.12108 51.09567),1916,CT18 8
1123,27512852,1.12255,51.08905,POINT (1.12255 51.08905),1916,CT18 8
1128,27517455,1.10481,51.08084,POINT (1.10481 51.08084),1916,CT18 8
1132,27523079,1.12152,51.09243,POINT (1.12152 51.09243),1916,CT18 8
1190,27569306,1.04944,51.13491,POINT (1.04944 51.13491),1916,CT18 8
23,26698498,1.09622,51.07951,POINT (1.09622 51.07951),1929,CT21 5
46,26716439,1.0824,51.0756,POINT (1.0824 51.0756),1929,CT21 5
54,26722289,1.07621,51.0718,POINT (1.07621 51.0718),1929,CT21 5
88,26749421,1.09927,51.07156,POINT (1.09927 51.07156),1929,CT21 5
93,26752978,1.1172600000000001,51.077870000000004,POINT (1.11726 51.07787),1929,CT21 5
97,26756358,1.12361,51.07247,POINT (1.12361 51.07247),1929,CT21 5
98,26757031,1.1221299999999998,51.07185,POINT (1.12213 51.07185),1929,CT21 5
106,26762867,1.09927,51.07156,POINT (1.09927 51.07156),1929,CT21 5
124,26776787,1.08194,51.071740000000005,POINT (1.08194 51.07174000000001),1929,CT21 5
131,26780746,1.08714,51.07219,POINT (1.08714 51.07219),1929,CT21 5
146,26790784,1.09075,51.07558,POINT (1.09075 51.07558),1929,CT21 5
170,26807028,1.10931,51.07219,POINT (1.10931 51.07219),1929,CT21 5
173,26808294,1.0780299999999998,51.07147,POINT (1.07803 51.07147),1929,CT21 5
174,26808695,1.10931,51.07219,POINT (1.10931 51.07219),1929,CT21 5
185,26815055,1.10778,51.071999999999996,POINT (1.10778 51.072),1929,CT21 5
197,26821411,1.1172600000000001,51.0737,POINT (1.11726 51.0737),1929,CT21 5
213,26829648,1.122,51.07203,POINT (1.122 51.07203),1929,CT21 5
223,26836062,1.1143,51.0734,POINT (1.1143 51.0734),1929,CT21 5
234,26843263,1.08796,51.07114,POINT (1.08796 51.07114),1929,CT21 5
235,26844662,1.0926,51.07557,POINT (1.0926 51.07557),1929,CT21 5
259,26858784,1.12402,51.07172,POINT (1.12402 51.07172),1929,CT21 5
274,26870824,1.07649,51.07188,POINT (1.07649 51.07188),1929,CT21 5
293,26886687,1.11876,51.07498,POINT (1.11876 51.07498),1929,CT21 5
310,26899212,1.1195899999999999,51.076409999999996,POINT (1.11959 51.07641),1929,CT21 5
342,26932764,1.11786,51.07196,POINT (1.11786 51.07196),1929,CT21 5
351,26935295,1.11944,51.0727,POINT (1.11944 51.0727),1929,CT21 5
387,26962267,1.10782,51.07209,POINT (1.10782 51.07209),1929,CT21 5
396,26970150,1.08159,51.071220000000004,POINT (1.08159 51.07122),1929,CT21 5
402,26972620,1.07643,51.07197,POINT (1.07643 51.07197),1929,CT21 5
417,26982478,1.1103399999999999,51.0724,POINT (1.11034 51.0724),1929,CT21 5
440,27000648,1.0754,51.073209999999996,POINT (1.0754 51.07321),1929,CT21 5
454,27012181,1.10824,51.072379999999995,POINT (1.10824 51.07238),1929,CT21 5
478,27032005,1.11216,51.072109999999995,POINT (1.11216 51.07211),1929,CT21 5
480,27033024,1.07621,51.0718,POINT (1.07621 51.0718),1929,CT21 5
485,27039136,1.08928,51.0756,POINT (1.08928 51.0756),1929,CT21 5
497,27048455,1.09094,51.07243,POINT (1.09094 51.07243),1929,CT21 5
517,27059912,1.12402,51.07172,POINT (1.12402 51.07172),1929,CT21 5
526,27066213,1.08666,51.07105,POINT (1.08666 51.07105),1929,CT21 5
555,27088472,1.09923,51.07991,POINT (1.09923 51.07991),1929,CT21 5
556,27089246,1.08854,51.071090000000005,POINT (1.08854 51.07109000000001),1929,CT21 5
570,27101365,1.1221299999999998,51.07185,POINT (1.12213 51.07185),1929,CT21 5
574,27106934,1.08194,51.071740000000005,POINT (1.08194 51.07174000000001),1929,CT21 5
592,27122634,1.09289,51.07462,POINT (1.09289 51.07462),1929,CT21 5
598,27124484,1.11786,51.07196,POINT (1.11786 51.07196),1929,CT21 5
619,27141737,1.0821100000000001,51.07111,POINT (1.08211 51.07111),1929,CT21 5
622,27144798,1.11809,51.07598,POINT (1.11809 51.07598),1929,CT21 5
644,27162043,1.122,51.07203,POINT (1.122 51.07203),1929,CT21 5
656,27173028,1.0796700000000001,51.07747,POINT (1.07967 51.07747),1929,CT21 5
661,27175136,1.11931,51.076190000000004,POINT (1.11931 51.07619),1929,CT21 5
676,27182152,1.08243,51.07334,POINT (1.08243 51.07334),1929,CT21 5
702,27203233,1.12402,51.07172,POINT (1.12402 51.07172),1929,CT21 5
714,27211733,1.12107,51.07727,POINT (1.12107 51.07727),1929,CT21 5
725,27216742,1.12572,51.07205,POINT (1.12572 51.07205),1929,CT21 5
735,27224145,1.08854,51.071090000000005,POINT (1.08854 51.07109000000001),1929,CT21 5
743,27229146,1.07621,51.0718,POINT (1.07621 51.0718),1929,CT21 5
765,27248447,1.08854,51.071090000000005,POINT (1.08854 51.07109000000001),1929,CT21 5
777,27257482,1.12476,51.07184,POINT (1.12476 51.07184),1929,CT21 5
795,27270730,1.11655,51.07379,POINT (1.11655 51.07379),1929,CT21 5
803,27278508,1.11674,51.07649,POINT (1.11674 51.07649),1929,CT21 5
805,27279485,1.07643,51.07197,POINT (1.07643 51.07197),1929,CT21 5
860,27313428,1.0837700000000001,51.074670000000005,POINT (1.08377 51.07467),1929,CT21 5
863,27315672,1.08545,51.0715,POINT (1.08545 51.0715),1929,CT21 5
864,27315962,1.11222,51.07301,POINT (1.11222 51.07301),1929,CT21 5
885,27328094,1.08423,51.072829999999996,POINT (1.08423 51.07283),1929,CT21 5
914,27349554,1.07661,51.07245,POINT (1.07661 51.07245),1929,CT21 5
919,27356575,1.09132,51.07225,POINT (1.09132 51.07225),1929,CT21 5
1003,27424144,1.0821100000000001,51.07111,POINT (1.08211 51.07111),1929,CT21 5
1012,27431715,1.0911,51.072559999999996,POINT (1.0911 51.07256),1929,CT21 5
1017,27437018,1.12404,51.078990000000005,POINT (1.12404 51.07899),1929,CT21 5
1024,27439184,1.08101,51.07335,POINT (1.08101 51.07335),1929,CT21 5
1032,27449173,1.0911,51.072559999999996,POINT (1.0911 51.07256),1929,CT21 5
1033,27449340,1.07917,51.07683,POINT (1.07917 51.07683),1929,CT21 5
1061,27468287,1.12402,51.07172,POINT (1.12402 51.07172),1929,CT21 5
1063,27469344,1.08644,51.0719,POINT (1.08644 51.0719),1929,CT21 5
1064,27470209,1.0923200000000002,51.07444,POINT (1.09232 51.07444),1929,CT21 5
1067,27473358,1.07633,51.07158,POINT (1.07633 51.07158),1929,CT21 5
1068,27473579,1.09128,51.07288,POINT (1.09128 51.07288),1929,CT21 5
1076,27479272,1.12155,51.0723,POINT (1.12155 51.0723),1929,CT21 5
1118,27508169,1.0852700000000002,51.07162,POINT (1.08527 51.07162),1929,CT21 5
1137,27529390,1.08922,51.07176,POINT (1.08922 51.07176),1929,CT21 5
1174,27556132,1.11443,51.07855,POINT (1.11443 51.07855),1929,CT21 5
1182,27561981,1.07649,51.07188,POINT (1.07649 51.07188),1929,CT21 5
31,26703816,0.9356399999999999,51.18084,POINT (0.9356399999999999 51.18084),9688,TN25 5
36,26707167,0.9369299999999999,51.18298,POINT (0.9369299999999999 51.18298),9688,TN25 5
41,26710394,0.9290299999999999,51.18602,POINT (0.9290299999999999 51.18602),9688,TN25 5
107,26765367,0.9377700000000001,51.17883,POINT (0.9377700000000001 51.17883),9688,TN25 5
113,26771686,0.9762,51.179320000000004,POINT (0.9762 51.17932),9688,TN25 5
139,26786059,1.00534,51.13626,POINT (1.00534 51.13626),9688,TN25 5
219,26834454,0.9293299999999999,51.18501,POINT (0.9293299999999999 51.18501),9688,TN25 5
236,26844931,0.93927,51.18274,POINT (0.93927 51.18274),9688,TN25 5
255,26856529,0.95399,51.156620000000004,POINT (0.95399 51.15662),9688,TN25 5
278,26874952,0.95058,51.15817,POINT (0.95058 51.15817),9688,TN25 5
305,26894813,0.94275,51.18355,POINT (0.94275 51.18355),9688,TN25 5
307,26895977,0.9349799999999999,51.16036,POINT (0.9349799999999999 51.16036),9688,TN25 5
336,26928177,0.97183,51.15493,POINT (0.97183 51.15493),9688,TN25 5
361,26942014,0.9361700000000001,51.18651,POINT (0.9361700000000001 51.18651),9688,TN25 5
373,26951252,1.0015,51.1425,POINT (1.0015 51.1425),9688,TN25 5
418,26982574,0.93579,51.17518,POINT (0.93579 51.17518),9688,TN25 5
457,27014540,0.9374,51.1847,POINT (0.9374 51.1847),9688,TN25 5
484,27037396,0.9218200000000001,51.18336,POINT (0.9218200000000001 51.18336),9688,TN25 5
505,27052255,0.9555100000000001,51.13635,POINT (0.9555100000000001 51.13635),9688,TN25 5
512,27058616,0.95436,51.19328,POINT (0.95436 51.19328),9688,TN25 5
527,27066487,1.00078,51.13777,POINT (1.00078 51.13777),9688,TN25 5
586,27118053,1.00289,51.14161,POINT (1.00289 51.14161),9688,TN25 5
600,27125965,1.03881,51.173,POINT (1.03881 51.173),9688,TN25 5
681,27184638,0.9238200000000001,51.1817,POINT (0.9238200000000001 51.1817),9688,TN25 5
705,27206224,0.95716,51.146809999999995,POINT (0.95716 51.14681),9688,TN25 5
739,27226793,0.9324100000000001,51.16492,POINT (0.9324100000000001 51.16492),9688,TN25 5
758,27244758,0.93579,51.17518,POINT (0.93579 51.17518),9688,TN25 5
766,27248889,0.9290700000000001,51.18600000000001,POINT (0.9290700000000001 51.18600000000001),9688,TN25 5
794,27269616,0.95032,51.1573,POINT (0.9503200000000001 51.1573),9688,TN25 5
796,27272039,0.9342,51.1842,POINT (0.9342 51.1842),9688,TN25 5
828,27297386,0.93781,51.18379,POINT (0.93781 51.18379),9688,TN25 5
846,27308198,0.9293299999999999,51.18501,POINT (0.9293299999999999 51.18501),9688,TN25 5
849,27308786,0.9293299999999999,51.18501,POINT (0.9293299999999999 51.18501),9688,TN25 5
871,27318783,0.9192,51.18234,POINT (0.9192 51.18234),9688,TN25 5
877,27322409,0.924,51.18915,POINT (0.924 51.18915),9688,TN25 5
882,27326039,0.99839,51.137440000000005,POINT (0.99839 51.13744000000001),9688,TN25 5
898,27339186,0.94195,51.179970000000004,POINT (0.94195 51.17997),9688,TN25 5
903,27344200,1.00488,51.16162,POINT (1.00488 51.16162),9688,TN25 5
911,27348484,0.92855,51.146370000000005,POINT (0.92855 51.14637),9688,TN25 5
928,27369074,0.9299,51.18688,POINT (0.9298999999999999 51.18688),9688,TN25 5
933,27375283,1.00078,51.13777,POINT (1.00078 51.13777),9688,TN25 5
957,27394325,0.93805,51.17915,POINT (0.9380500000000001 51.17915),9688,TN25 5
959,27394803,1.02662,51.16162,POINT (1.02662 51.16162),9688,TN25 5
1010,27431030,0.95506,51.16642,POINT (0.95506 51.16642),9688,TN25 5
1013,27432581,0.9676,51.15594,POINT (0.9676 51.15594),9688,TN25 5
1037,27453532,0.9421200000000001,51.18267,POINT (0.9421200000000001 51.18267),9688,TN25 5
1069,27473617,0.9421200000000001,51.18267,POINT (0.9421200000000001 51.18267),9688,TN25 5
1082,27484434,0.93778,51.17858,POINT (0.9377799999999999 51.17858),9688,TN25 5
1087,27489690,0.93635,51.181909999999995,POINT (0.93635 51.18190999999999),9688,TN25 5
1094,27494511,0.9269299999999999,51.145720000000004,POINT (0.9269299999999999 51.14572),9688,TN25 5
1159,27548448,0.9675,51.15323,POINT (0.9675 51.15323),9688,TN25 5
1175,27557089,0.9193899999999999,51.18201,POINT (0.9193899999999999 51.18201),9688,TN25 5
1186,27566214,0.95806,51.16337,POINT (0.95806 51.16337),9688,TN25 5
32,26704104,1.1831200000000002,51.09297,POINT (1.18312 51.09297),1919,CT19 6
47,26716788,1.18699,51.09343,POINT (1.18699 51.09343),1919,CT19 6
53,26722093,1.18726,51.08827,POINT (1.18726 51.08827),1919,CT19 6
64,26731090,1.18751,51.087540000000004,POINT (1.18751 51.08754),1919,CT19 6
65,26731393,1.18874,51.0823,POINT (1.18874 51.0823),1919,CT19 6
94,26754089,1.1906700000000001,51.09248,POINT (1.19067 51.09248),1919,CT19 6
104,26760678,1.1992200000000002,51.09225,POINT (1.19922 51.09225),1919,CT19 6
116,26772400,1.1978,51.092290000000006,POINT (1.1978 51.09229000000001),1919,CT19 6
128,26779129,1.1844,51.0887,POINT (1.1844 51.0887),1919,CT19 6
130,26780231,1.18759,51.09357,POINT (1.18759 51.09357),1919,CT19 6
171,26807175,1.1966,51.08367,POINT (1.1966 51.08367),1919,CT19 6
172,26807665,1.18751,51.087540000000004,POINT (1.18751 51.08754),1919,CT19 6
183,26813795,1.19289,51.090709999999994,POINT (1.19289 51.09070999999999),1919,CT19 6
196,26821250,1.1899899999999999,51.082609999999995,POINT (1.18999 51.08261),1919,CT19 6
218,26834450,1.18587,51.098859999999995,POINT (1.18587 51.09885999999999),1919,CT19 6
226,26837805,1.17836,51.09574,POINT (1.17836 51.09574),1919,CT19 6
242,26847683,1.18699,51.09343,POINT (1.18699 51.09343),1919,CT19 6
257,26857132,1.18521,51.09623,POINT (1.18521 51.09623),1919,CT19 6
281,26877179,1.17955,51.09605,POINT (1.17955 51.09605),1919,CT19 6
376,26955515,1.18975,51.09344,POINT (1.18975 51.09344),1919,CT19 6
392,26966098,1.19344,51.091879999999996,POINT (1.19344 51.09188),1919,CT19 6
393,26966110,1.19344,51.091879999999996,POINT (1.19344 51.09188),1919,CT19 6
423,26986932,1.1969100000000001,51.08635,POINT (1.19691 51.08635),1919,CT19 6
427,26991436,1.1935200000000001,51.09241,POINT (1.19352 51.09241),1919,CT19 6
428,26991777,1.18906,51.08983,POINT (1.18906 51.08983),1919,CT19 6
436,26997533,1.18553,51.09083,POINT (1.18553 51.09083),1919,CT19 6
461,27016891,1.17955,51.09605,POINT (1.17955 51.09605),1919,CT19 6
477,27031417,1.1910399999999999,51.08766,POINT (1.19104 51.08766),1919,CT19 6
493,27046502,1.1946299999999999,51.08788,POINT (1.19463 51.08788),1919,CT19 6
506,27053060,1.19261,51.09442,POINT (1.19261 51.09442),1919,CT19 6
551,27086918,1.19587,51.08515,POINT (1.19587 51.08515),1919,CT19 6
563,27095201,1.19591,51.09333,POINT (1.19591 51.09333),1919,CT19 6
578,27109558,1.19154,51.08436,POINT (1.19154 51.08436),1919,CT19 6
596,27123853,1.2075200000000001,51.094190000000005,POINT (1.20752 51.09419),1919,CT19 6
643,27161723,1.17808,51.09643,POINT (1.17808 51.09643),1919,CT19 6
677,27182265,1.1969100000000001,51.08635,POINT (1.19691 51.08635),1919,CT19 6
689,27191405,1.20139,51.091640000000005,POINT (1.20139 51.09164000000001),1919,CT19 6
727,27218530,1.18553,51.09083,POINT (1.18553 51.09083),1919,CT19 6
732,27221819,1.1824700000000001,51.090740000000004,POINT (1.18247 51.09074),1919,CT19 6
738,27226527,1.19587,51.08515,POINT (1.19587 51.08515),1919,CT19 6
744,27229670,1.18671,51.081509999999994,POINT (1.18671 51.08150999999999),1919,CT19 6
776,27256255,1.1959799999999998,51.09465,POINT (1.19598 51.09465),1919,CT19 6
785,27265314,1.18856,51.08265,POINT (1.18856 51.08265),1919,CT19 6
838,27304122,1.18861,51.08324,POINT (1.18861 51.08324),1919,CT19 6
840,27305053,1.1851,51.09675,POINT (1.1851 51.09675),1919,CT19 6
892,27333041,1.18831,51.08065,POINT (1.18831 51.08065),1919,CT19 6
894,27334727,1.1837799999999998,51.0888,POINT (1.18378 51.0888),1919,CT19 6
910,27347092,1.1780700000000002,51.09575,POINT (1.17807 51.09575),1919,CT19 6
940,27381867,1.18547,51.087920000000004,POINT (1.18547 51.08792),1919,CT19 6
950,27388029,1.2075200000000001,51.094190000000005,POINT (1.20752 51.09419),1919,CT19 6
970,27401883,1.1780700000000002,51.09575,POINT (1.17807 51.09575),1919,CT19 6
972,27404219,1.17955,51.09605,POINT (1.17955 51.09605),1919,CT19 6
1031,27448717,1.1907299999999998,51.093379999999996,POINT (1.19073 51.09338),1919,CT19 6
1038,27454887,1.18171,51.09478,POINT (1.18171 51.09478),1919,CT19 6
1077,27479299,1.19054,51.08473,POINT (1.19054 51.08473),1919,CT19 6
1080,27482694,1.1961899999999999,51.09171,POINT (1.19619 51.09171),1919,CT19 6
1121,27510719,1.18597,51.09033,POINT (1.18597 51.09033),1919,CT19 6
1154,27543969,1.19154,51.08436,POINT (1.19154 51.08436),1919,CT19 6
1155,27544832,1.18956,51.089290000000005,POINT (1.18956 51.08929000000001),1919,CT19 6
1181,27560494,1.19464,51.0832,POINT (1.19464 51.0832),1919,CT19 6
52,26721663,1.1373,51.08493,POINT (1.1373 51.08493),1926,CT20 3
75,26736792,1.14221,51.07311,POINT (1.14221 51.07311),1926,CT20 3
87,26748902,1.1472799999999999,51.08467,POINT (1.14728 51.08467),1926,CT20 3
92,26752351,1.14336,51.083999999999996,POINT (1.14336 51.084),1926,CT20 3
115,26772102,1.13285,51.086259999999996,POINT (1.13285 51.08626),1926,CT20 3
125,26777056,1.15247,51.0763,POINT (1.15247 51.0763),1926,CT20 3
149,26791627,1.14291,51.0821,POINT (1.14291 51.0821),1926,CT20 3
160,26797379,1.14635,51.08028,POINT (1.14635 51.08028),1926,CT20 3
190,26816965,1.13724,51.08404,POINT (1.13724 51.08404),1926,CT20 3
206,26826866,1.14814,51.07895,POINT (1.14814 51.07895),1926,CT20 3
212,26829629,1.13541,51.08638,POINT (1.13541 51.08638),1926,CT20 3
217,26832643,1.13285,51.086259999999996,POINT (1.13285 51.08626),1926,CT20 3
245,26848073,1.12703,51.08699,POINT (1.12703 51.08699),1926,CT20 3
252,26856339,1.1338,51.08286,POINT (1.1338 51.08286),1926,CT20 3
254,26856458,1.1466100000000001,51.07479,POINT (1.14661 51.07479),1926,CT20 3
282,26877792,1.14806,51.08253,POINT (1.14806 51.08253),1926,CT20 3
286,26881225,1.14791,51.07295,POINT (1.14791 51.07295),1926,CT20 3
328,26917968,1.13285,51.086259999999996,POINT (1.13285 51.08626),1926,CT20 3
330,26921534,1.13153,51.07251,POINT (1.13153 51.07251),1926,CT20 3
338,26929888,1.1497600000000001,51.0792,POINT (1.14976 51.0792),1926,CT20 3
359,26941495,1.143,51.08478,POINT (1.143 51.08478),1926,CT20 3
389,26963983,1.14903,51.07375,POINT (1.14903 51.07375),1926,CT20 3
397,26970153,1.15066,51.07416,POINT (1.15066 51.07416),1926,CT20 3
424,26988869,1.14812,51.0739,POINT (1.14812 51.0739),1926,CT20 3
445,27004675,1.14697,51.08018,POINT (1.14697 51.08018),1926,CT20 3
467,27022537,1.14983,51.08397,POINT (1.14983 51.08397),1926,CT20 3
468,27022546,1.1350200000000001,51.0724,POINT (1.13502 51.0724),1926,CT20 3
469,27023212,1.13029,51.08692,POINT (1.13029 51.08692),1926,CT20 3
470,27023933,1.12541,51.083890000000004,POINT (1.12541 51.08389),1926,CT20 3
472,27027318,1.14697,51.08018,POINT (1.14697 51.08018),1926,CT20 3
486,27040802,1.1373,51.08493,POINT (1.1373 51.08493),1926,CT20 3
568,27100835,1.15415,51.07671,POINT (1.15415 51.07671),1926,CT20 3
595,27123741,1.13609,51.08051,POINT (1.13609 51.08051),1926,CT20 3
608,27131479,1.14846,51.08104,POINT (1.14846 51.08104),1926,CT20 3
618,27140755,1.13609,51.08402,POINT (1.13609 51.08402),1926,CT20 3
637,27159950,1.13801,51.086009999999995,POINT (1.13801 51.08600999999999),1926,CT20 3
641,27161267,1.15198,51.0825,POINT (1.15198 51.0825),1926,CT20 3
652,27166041,1.13936,51.07318,POINT (1.13936 51.07318),1926,CT20 3
671,27179911,1.13936,51.07318,POINT (1.13936 51.07318),1926,CT20 3
680,27184010,1.12755,51.08617,POINT (1.12755 51.08617),1926,CT20 3
692,27196431,1.15416,51.0771,POINT (1.15416 51.0771),1926,CT20 3
728,27219146,1.1371200000000001,51.082240000000006,POINT (1.13712 51.08224000000001),1926,CT20 3
734,27223703,1.15272,51.07712,POINT (1.15272 51.07712),1926,CT20 3
783,27263538,1.1359299999999999,51.08587,POINT (1.13593 51.08587),1926,CT20 3
802,27277703,1.1321700000000001,51.07248,POINT (1.13217 51.07248),1926,CT20 3
811,27281631,1.14262,51.08582,POINT (1.14262 51.08582),1926,CT20 3
819,27291051,1.14594,51.0785,POINT (1.14594 51.0785),1926,CT20 3
824,27295101,1.13737,51.0724,POINT (1.13737 51.0724),1926,CT20 3
830,27298922,1.1472200000000001,51.08377,POINT (1.14722 51.08377),1926,CT20 3
835,27301613,1.1336600000000001,51.07334,POINT (1.13366 51.07334),1926,CT20 3
857,27311234,1.14995,51.08189,POINT (1.14995 51.08189),1926,CT20 3
874,27320275,1.14141,51.08147,POINT (1.14141 51.08147),1926,CT20 3
881,27325829,1.1466100000000001,51.07479,POINT (1.14661 51.07479),1926,CT20 3
916,27351642,1.1365100000000001,51.08039,POINT (1.13651 51.08039),1926,CT20 3
947,27386379,1.13155,51.07591,POINT (1.13155 51.07591),1926,CT20 3
949,27387318,1.14596,51.082159999999995,POINT (1.14596 51.08215999999999),1926,CT20 3
953,27389829,1.13285,51.086259999999996,POINT (1.13285 51.08626),1926,CT20 3
989,27413941,1.15383,51.07335,POINT (1.15383 51.07335),1926,CT20 3
999,27418201,1.14018,51.07333,POINT (1.14018 51.07333),1926,CT20 3
1047,27459864,1.1484,51.08014,POINT (1.1484 51.08014),1926,CT20 3
1057,27465859,1.14697,51.08018,POINT (1.14697 51.08018),1926,CT20 3
1059,27467326,1.13374,51.08417,POINT (1.13374 51.08417),1926,CT20 3
1073,27476057,1.1350200000000001,51.0724,POINT (1.13502 51.0724),1926,CT20 3
1074,27476985,1.1500700000000001,51.083690000000004,POINT (1.15007 51.08369),1926,CT20 3
1084,27487477,1.13936,51.07318,POINT (1.13936 51.07318),1926,CT20 3
1088,27490245,1.1323299999999998,51.07265,POINT (1.13233 51.07265),1926,CT20 3
1107,27502285,1.1435,51.07354,POINT (1.1435 51.07354),1926,CT20 3
1140,27530076,1.14716,51.08287,POINT (1.14716 51.08287),1926,CT20 3
1173,27555169,1.1365100000000001,51.08039,POINT (1.13651 51.08039),1926,CT20 3
1185,27566070,1.14549,51.07932,POINT (1.14549 51.07932),1926,CT20 3
1189,27569243,1.1332200000000001,51.08631,POINT (1.13322 51.08631),1926,CT20 3
312,26903321,1.16975,51.07953,POINT (1.16975 51.07953),1927,CT20 9
1095,27494913,1.16975,51.07953,POINT (1.16975 51.07953),1927,CT20 9
379,26957379,1.3134,51.12788,POINT (1.3134 51.12788),1909,CT16 1
450,27009578,1.31561,51.11322,POINT (1.31561 51.11322),1914,CT17 9
627,27151793,1.31561,51.11322,POINT (1.31561 51.11322),1914,CT17 9
609,27131805,0.88956,51.12577,POINT (0.88956 51.12577),9684,TN24 0
686,27188534,0.9134700000000001,51.13603,POINT (0.9134700000000001 51.13603),9684,TN24 0
722,27214698,0.9134700000000001,51.13603,POINT (0.9134700000000001 51.13603),9684,TN24 0
869,27317429,0.88956,51.12577,POINT (0.88956 51.12577),9684,TN24 0
925,27366300,0.9134700000000001,51.13603,POINT (0.9134700000000001 51.13603),9684,TN24 0
931,27373977,0.9134700000000001,51.13603,POINT (0.9134700000000001 51.13603),9684,TN24 0
1006,27427625,0.9134700000000001,51.13603,POINT (0.9134700000000001 51.13603),9684,TN24 0
1195,27571994,0.8893,51.12603,POINT (0.8893 51.12603),9684,TN24 0
812,27282528,1.14909,51.07564,POINT (1.14909 51.07564),1945,CT50 1
971,27402477,1.14858,51.07617,POINT (1.14858 51.07617),1945,CT50 1
1114,27505731,1.148,51.0762,POINT (1.148 51.0762),1945,CT50 1
