Incident Number,Lon,Latt
26688616,1.13803,51.08933
26689487,1.02588,51.07572
26689654,0.89098,51.11841
26691130,1.17233,51.09141
26691648,1.07963,51.06459
26692177,1.17483,51.07844
26692456,1.09574,51.06837
26692820,0.95614,51.11153
26693249,1.05149,51.0962
26694031,1.17872,51.07809
26694682,1.0413,51.10686
26694892,1.07076,51.07231
26694916,1.16793,51.07651
26695102,1.16354,51.07478
26695518,0.96155,51.11867
26695696,1.16078,51.11201
26696061,1.01409,51.08231
26696396,1.13513,51.08846
26696682,1.06928,51.07145
26696742,1.08463,51.13042
26697332,1.15352,51.11089
26698149,1.17195,51.0903
26698350,1.12084,51.09942
26698498,1.09622,51.07951
26698880,1.13742,51.08744
26699059,1.15359,51.09213
26700110,1.18059,51.08548
26700942,1.16516,51.09453
26702194,1.17239,51.07944
26702201,1.17189,51.086
26702501,1.09086,51.12586
26703816,0.93564,51.18084
26704104,1.18312,51.09297
26705028,1.0448,51.05528
26706328,1.15829,51.13224
26706870,0.94081,51.09454
26707167,0.93693,51.18298
26709537,1.12606,51.095
26709797,0.9261,51.09413
26709964,1.06185,51.06715
26710252,1.17889,51.08741
26710394,0.92903,51.18602
26711909,1.16583,51.09508
26712522,0.93148,51.07921
26712820,1.06902,51.08322
26715400,1.23092,51.10491
26716439,1.0824,51.0756
26716788,1.18699,51.09343
26718500,1.14739,51.08777
26719442,1.03226,51.06878
26720598,1.02514,51.06102
26721443,1.16027,51.11928
26721663,1.1373,51.08493
26722093,1.18726,51.08827
26722289,1.07621,51.0718
26725350,1.07507,51.09546
26727403,1.13451,51.08873
26727736,1.16992,51.09684
26728127,1.04668,51.10152
26728465,1.15168,51.1065
26729042,0.94646,51.0935
26729724,0.88369,51.11046
26729941,1.00296,51.10335
26730911,0.88252,51.11166
26731090,1.18751,51.08754
26731393,1.18874,51.0823
26732447,1.17694,51.07972
26732513,1.1799,51.08135
26732886,0.96155,51.11867
26733639,1.17465,51.07844
26734336,1.16101,51.08731
26734621,1.16885,51.07545
26734873,1.21495,51.11192
26735175,1.10557,51.08038
26735593,1.12989,51.08999
26736792,1.14221,51.07311
26737620,1.16516,51.09453
26738097,1.16505,51.07387
26738473,1.09073,51.06674
26738947,1.15025,51.11376
26738985,1.07777,51.07033
26741400,1.05149,51.0962
26742333,1.16946,51.0814
26742732,1.16089,51.09592
26743394,1.16115,51.11634
26747416,1.173,51.08071
26748191,1.16649,51.11419
26748902,1.14728,51.08467
26749421,1.09927,51.07156
26750390,1.13606,51.08767
26750865,1.17403,51.07631
26750871,1.17312,51.08044
26752351,1.14336,51.084
26752978,1.11726,51.07787
26754089,1.19067,51.09248
26754920,1.15959,51.11442
26755807,1.00548,51.10293
26756358,1.12361,51.07247
26757031,1.12213,51.07185
26759008,1.101,51.11548
26759193,1.16368,51.11571
26759209,1.07849,51.0811
26759335,1.12152,51.09243
26759882,1.14944,51.09265
26760678,1.19922,51.09225
26761010,1.16089,51.09592
26762867,1.09927,51.07156
26765367,0.93777,51.17883
26767239,1.18559,51.0786
26767455,1.15192,51.08994
26767767,1.17889,51.08741
26768131,1.07831,51.07841
26770522,1.17157,51.09299
26771686,0.9762,51.17932
26771999,1.15078,51.12583
26772102,1.13285,51.08626
26772400,1.1978,51.09229
26772784,1.13507,51.08871
26772788,0.96844,51.12443
26773143,1.09538,51.0941
26773282,1.15517,51.09243
26774726,1.16516,51.09453
26774989,1.17481,51.07849
26776446,1.04581,51.09504
26776787,1.08194,51.07174
26777056,1.15247,51.0763
26777589,1.15936,51.08651
26778085,1.15918,51.12845
26779129,1.1844,51.0887
26779208,1.07569,51.07736
26780231,1.18759,51.09357
26780746,1.08714,51.07219
26780826,1.17189,51.086
26781574,1.15913,51.07656
26782333,1.1348,51.09238
26783280,1.16668,51.11566
26785116,1.14612,51.08892
26785276,1.14783,51.08703
26785824,1.15548,51.07757
26786059,1.00534,51.13626
26786608,1.178,51.08788
26787056,1.14208,51.0866
26788909,1.17515,51.08815
26789073,1.14088,51.0911
26789881,1.15221,51.08805
26790606,1.18451,51.11459
26790784,1.09075,51.07558
26790968,0.94031,51.08472
26791092,1.1348,51.09238
26791627,1.14291,51.0821
26791782,1.17288,51.08307
26792895,1.14862,51.11417
26794110,1.16189,51.11195
26794202,1.18203,51.08093
26794621,1.2308,51.10374
26796133,1.05149,51.0962
26796387,1.16265,51.11301
26796946,1.1637,51.07942
26797116,0.9425,51.09661
26797177,1.20921,51.11267
26797379,1.14635,51.08028
26797800,1.16059,51.09637
26798122,1.16381,51.09521
26798333,1.04539,51.09455
26798447,1.08183,51.13139
26799042,1.13909,51.09028
26800319,1.21293,51.10447
26800815,1.17969,51.08267
26802744,1.10677,51.09394
26804674,1.15198,51.09084
26807028,1.10931,51.07219
26807175,1.1966,51.08367
26807665,1.18751,51.08754
26808294,1.07803,51.07147
26808695,1.10931,51.07219
26809906,1.17273,51.12266
26810020,1.07094,51.075
26810757,0.92289,51.10292
26810792,1.08105,51.06862
26811649,1.12117,51.09567
26811758,1.08899,51.12182
26812160,1.11652,51.09449
26813112,1.17239,51.07589
26813795,1.19289,51.09071
26813832,1.15221,51.11512
26815055,1.10778,51.072
26815673,0.97272,51.12432
26815707,1.16831,51.07728
26815832,1.14479,51.09013
26815863,0.94646,51.0935
26816965,1.13724,51.08404
26817350,1.16265,51.11301
26818486,1.01409,51.08231
26819465,1.15581,51.10864
26820704,0.99094,51.10757
26820885,1.06452,51.10863
26821250,1.18999,51.08261
26821411,1.11726,51.0737
26823057,1.12362,51.0911
26823386,0.8875,51.11714
26823459,1.04712,51.09769
26823914,1.03768,51.0821
26825175,1.16342,51.11329
26825733,0.93253,51.12174
26825915,1.17915,51.08738
26826223,1.12152,51.09243
26826866,1.14814,51.07895
26826925,1.18381,51.0808
26827126,1.16362,51.11481
26827411,1.15869,51.08534
26829055,1.03096,51.10962
26829605,1.17257,51.07596
26829629,1.13541,51.08638
26829648,1.122,51.07203
26829812,1.11822,51.0932
26831209,1.04576,51.06127
26831928,1.16597,51.09432
26832643,1.13285,51.08626
26834450,1.18587,51.09886
26834454,0.92933,51.18501
26834788,1.17554,51.07973
26835143,1.03767,51.09027
26836030,1.15019,51.08549
26836062,1.1143,51.0734
26836592,1.17655,51.07799
26836740,1.17239,51.07944
26837805,1.17836,51.09574
26837934,1.15043,51.11392
26838204,1.05149,51.0962
26839676,1.12606,51.095
26840152,1.16567,51.08543
26840939,1.16587,51.09437
26840993,1.16489,51.09494
26841047,1.15911,51.07656
26843263,1.08796,51.07114
26844662,1.0926,51.07557
26844931,0.93927,51.18274
26845525,1.14696,51.08675
26846279,1.08918,51.06826
26846519,1.17485,51.07848
26846706,1.17069,51.11372
26847610,1.17965,51.09165
26847683,1.18699,51.09343
26847807,1.16825,51.10126
26847815,1.15166,51.11058
26848073,1.12703,51.08699
26851544,0.97284,51.12612
26852843,1.05149,51.0962
26854848,1.16507,51.09549
26855358,1.2251,51.10902
26855442,1.15829,51.13224
26855921,1.1616,51.09584
26856339,1.1338,51.08286
26856416,1.16526,51.07608
26856458,1.14661,51.07479
26856529,0.95399,51.15662
26856860,1.17806,51.0799
26857132,1.18521,51.09623
26857234,1.16153,51.09434
26858784,1.12402,51.07172
26858876,1.09042,51.06729
26861058,1.15838,51.07987
26862320,1.04689,51.09474
26862723,0.93938,51.08625
26863070,1.17548,51.0794
26864047,1.18731,51.07824
26864799,1.0498,51.12605
26865176,1.06031,51.06539
26865262,1.17889,51.08741
26866290,1.16078,51.11201
26867305,1.17846,51.08112
26870032,1.16992,51.09684
26870067,0.97088,51.1114
26870451,1.07791,51.08081
26870824,1.07649,51.07188
26873804,1.08905,51.0673
26873856,1.15864,51.13103
26874219,1.17912,51.09464
26874952,0.95058,51.15817
26876502,1.17424,51.08214
26876863,1.16059,51.09637
26877179,1.17955,51.09605
26877792,1.14806,51.08253
26877862,1.10677,51.09394
26878361,1.15624,51.11141
26879715,1.10677,51.09394
26881225,1.14791,51.07295
26881884,1.05767,51.06559
26882715,1.09439,51.1135
26883722,1.16024,51.11216
26885678,1.16597,51.09432
26886186,1.13047,51.08871
26886435,1.16159,51.09763
26886687,1.11876,51.07498
26886796,1.13789,51.09048
26887984,1.17612,51.07729
26889097,1.20737,51.12781
26890351,1.14771,51.09095
26891197,0.94375,51.12432
26891537,1.17694,51.07972
26891882,1.17276,51.10481
26891898,1.1686,51.08319
26893903,1.18371,51.07811
26894205,1.06785,51.07149
26894650,1.16203,51.09146
26894813,0.94275,51.18355
26894903,1.1799,51.08135
26895977,0.93498,51.16036
26896614,1.04488,51.09487
26898682,1.16597,51.09432
26899212,1.11959,51.07641
26899310,0.93179,51.12094
26903321,1.16975,51.07953
26904204,1.08905,51.0673
26904948,1.18005,51.08127
26908100,1.15782,51.09475
26909208,1.12488,51.08864
26909473,1.06031,51.06539
26909951,1.13006,51.08871
26910617,1.14963,51.12873
26910690,1.17444,51.07736
26911655,0.97442,51.11116
26913124,0.97825,51.12148
26913129,1.16597,51.09432
26914688,1.17703,51.08116
26914921,1.15896,51.1289
26916782,1.1348,51.09238
26917713,1.16946,51.0814
26917968,1.13285,51.08626
26918402,1.13807,51.08933
26921534,1.13153,51.07251
26923365,1.17076,51.07934
26923495,1.16078,51.11201
26924953,0.8927,51.11755
26926074,1.15072,51.11426
26928093,1.0908,51.06743
26928177,0.97183,51.15493
26929462,1.06195,51.06541
26929888,1.14976,51.0792
26931627,1.16402,51.07882
26931815,1.17522,51.08095
26932208,1.04712,51.09769
26932764,1.11786,51.07196
26932772,1.17548,51.0794
26932866,1.09363,51.11147
26932875,1.13412,51.08891
26933151,1.17189,51.086
26933201,1.15967,51.11197
26933494,1.05149,51.0962
26933822,1.18287,51.07933
26934551,1.17348,51.11274
26935295,1.11944,51.0727
26936748,1.17334,51.08033
26937745,1.17292,51.07699
26938620,1.05149,51.0962
26939048,1.06334,51.11119
26939394,1.16078,51.11201
26939694,1.16946,51.0814
26941278,1.14919,51.09181
26941495,1.143,51.08478
26941870,1.1642,51.09523
26942014,0.93617,51.18651
26943152,1.152,51.08547
26944584,1.02249,51.07277
26945272,1.18321,51.08244
26945276,1.0932,51.11457
26946060,1.17501,51.07608
26946642,0.98044,51.11067
26948074,1.17901,51.0892
26948366,1.17174,51.08623
26948593,1.14758,51.08916
26948711,1.15867,51.13264
26949412,1.16568,51.09624
26951252,1.0015,51.1425
26951514,1.09254,51.07045
26952840,1.04879,51.06389
26955515,1.18975,51.09344
26955964,1.16664,51.095
26956581,0.94164,51.09662
26957379,1.3134,51.12788
26957680,1.05149,51.0962
26958696,1.1348,51.09238
26958952,1.17989,51.08317
26959340,1.16059,51.09637
26961582,1.16394,51.1145
26961583,1.18114,51.09421
26961664,1.15221,51.11512
26962267,1.10782,51.07209
26962591,1.18246,51.08185
26963983,1.14903,51.07375
26964707,1.04409,51.09493
26965842,1.12667,51.09435
26966098,1.19344,51.09188
26966110,1.19344,51.09188
26966225,1.16946,51.0814
26968527,1.16078,51.11201
26970150,1.08159,51.07122
26970153,1.15066,51.07416
26970287,1.18571,51.08272
26970455,1.16735,51.11122
26970482,1.02509,51.0726
26972389,1.06922,51.06947
26972620,1.07643,51.07197
26972763,1.16992,51.09684
26972962,1.16656,51.09395
26974139,1.17948,51.07905
26975252,1.15911,51.09064
26976076,1.09627,51.11212
26976325,1.0424,51.09576
26977234,0.92585,51.1291
26978044,0.89655,51.0911
26978117,1.15829,51.13224
26979331,1.1776,51.1069
26980591,1.1348,51.09238
26981199,0.97148,51.12663
26981524,1.04873,51.06299
26982374,1.14331,51.08927
26982478,1.11034,51.0724
26982574,0.93579,51.17518
26983234,0.9533,51.11351
26984391,1.04987,51.09244
26985459,1.02361,51.11044
26985869,1.00041,51.07836
26986932,1.19691,51.08635
26988869,1.14812,51.0739
26990065,1.16526,51.07608
26991365,0.90021,51.1141
26991436,1.19352,51.09241
26991777,1.18906,51.08983
26992013,1.06347,51.11027
26992460,1.06174,51.06535
26993335,1.09627,51.11212
26993459,1.15413,51.11203
26994790,1.15782,51.09475
26996230,1.09574,51.06837
26997262,1.10677,51.09394
26997533,1.18553,51.09083
26998060,1.0732,51.07493
26999464,1.15514,51.10083
27000626,1.15196,51.0954
27000648,1.0754,51.07321
27000938,1.1832,51.08138
27001257,1.16693,51.10814
27002381,0.93876,51.08783
27003493,1.15829,51.13224
27004675,1.14697,51.08018
27005213,1.1679,51.11469
27006357,1.16597,51.09432
27007269,1.15936,51.08651
27008769,1.04953,51.06339
27009578,1.31561,51.11322
27009765,1.17877,51.08681
27010650,1.17331,51.08926
27011282,1.04576,51.06127
27012181,1.10824,51.07238
27012824,1.04648,51.11996
27013194,1.17774,51.08744
27014540,0.9374,51.1847
27015641,1.07058,51.06961
27015785,1.03768,51.0821
27016583,1.16597,51.09432
27016891,1.17955,51.09605
27017231,1.04488,51.09487
27017300,1.17345,51.09206
27018906,1.00296,51.10335
27019096,1.12606,51.095
27019612,1.16793,51.07651
27022537,1.14983,51.08397
27022546,1.13502,51.0724
27023212,1.13029,51.08692
27023933,1.12541,51.08389
27026105,1.15105,51.08828
27027318,1.14697,51.08018
27027489,1.16159,51.09763
27027524,1.20561,51.09904
27029662,1.0873,51.12765
27030226,1.15829,51.13224
27031417,1.19104,51.08766
27032005,1.11216,51.07211
27032768,1.15015,51.08983
27033024,1.07621,51.0718
27033272,1.16042,51.08881
27035290,1.09627,51.11212
27037244,1.04987,51.09244
27037396,0.92182,51.18336
27039136,1.08928,51.0756
27040802,1.1373,51.08493
27041557,1.1739,51.0849
27042919,1.1608,51.07351
27043032,1.06601,51.08677
27043504,1.09574,51.06837
27046340,1.03821,51.05243
27046478,1.18707,51.07831
27046502,1.19463,51.08788
27046807,1.12264,51.09457
27047784,1.00075,51.07802
27048015,1.00139,51.07759
27048455,1.09094,51.07243
27049337,1.18143,51.08284
27049396,1.16021,51.08172
27049586,1.01409,51.08231
27049890,1.09333,51.06812
27050117,1.03329,51.13532
27050966,1.09865,51.13118
27051689,1.16825,51.10126
27052255,0.95551,51.13635
27053060,1.19261,51.09442
27055450,1.16351,51.07513
27055724,1.13067,51.08999
27057036,1.20921,51.11267
27057420,1.04296,51.15412
27058381,1.15712,51.13312
27058616,0.95436,51.19328
27058754,1.05149,51.0962
27058945,1.16337,51.08414
27059032,1.16245,51.0765
27059272,1.18211,51.09272
27059912,1.12402,51.07172
27061390,1.00602,51.0628
27061551,1.1522,51.11376
27062119,1.09457,51.10248
27063603,1.1821,51.08217
27063928,1.05149,51.0962
27064245,1.05149,51.0962
27065268,1.12606,51.095
27065590,1.12606,51.095
27066213,1.08666,51.07105
27066487,1.00078,51.13777
27067780,1.02891,51.07862
27069648,1.17795,51.08657
27070317,1.16341,51.08174
27071903,1.18015,51.07873
27072721,1.13871,51.09683
27075107,1.04712,51.09769
27077243,1.06334,51.11119
27077574,1.15118,51.09002
27077704,1.16059,51.09637
27077914,1.06928,51.07145
27078382,0.883,51.11067
27078671,1.05149,51.0962
27079578,1.17182,51.0885
27079766,1.16032,51.12929
27081392,1.02507,51.06106
27081508,1.09093,51.1268
27081668,1.16334,51.09121
27081931,1.16368,51.11571
27083757,0.94473,51.05744
27084339,1.07979,51.07927
27085896,1.15484,51.08356
27086044,1.04488,51.09487
27086314,1.17271,51.09503
27086918,1.19587,51.08515
27087243,1.17874,51.08679
27087754,1.2084,51.10099
27088304,1.08111,51.13657
27088472,1.09923,51.07991
27089246,1.08854,51.07109
27090011,1.20752,51.12789
27091252,1.13067,51.08999
27092212,1.17152,51.0788
27092308,1.20752,51.12789
27093011,1.18559,51.0786
27093291,1.16489,51.09494
27095201,1.19591,51.09333
27096246,1.21014,51.10284
27098318,1.17069,51.11372
27099367,0.94417,51.1064
27100093,1.14223,51.09493
27100835,1.15415,51.07671
27100915,1.00074,51.07833
27101365,1.12213,51.07185
27102483,1.15019,51.08654
27102487,1.17123,51.10753
27105289,1.12667,51.09435
27106934,1.08194,51.07174
27107310,1.14091,51.08706
27108351,1.15838,51.07987
27108452,1.17704,51.08559
27109558,1.19154,51.08436
27109893,0.94473,51.05744
27110616,1.15724,51.09035
27110651,1.15724,51.09035
27111345,1.18559,51.0786
27115111,1.16597,51.09432
27115703,1.18001,51.08125
27117752,0.92231,51.1184
27118053,1.00289,51.14161
27118851,1.00069,51.07851
27118858,1.00854,51.07767
27119122,1.12944,51.08933
27120877,1.07207,51.07048
27122372,1.04712,51.09769
27122634,1.09289,51.07462
27123380,1.13067,51.08999
27123396,0.94397,51.09481
27123741,1.13609,51.08051
27123853,1.20752,51.09419
27124106,1.01665,51.07462
27124484,1.11786,51.07196
27124678,1.12585,51.08978
27125965,1.03881,51.173
27127527,1.07875,51.07047
27128184,1.12652,51.09156
27128378,1.13451,51.0892
27129259,1.18172,51.0821
27129545,1.16355,51.08271
27130282,1.06902,51.08322
27130665,1.15956,51.11588
27131479,1.14846,51.08104
27131805,0.88956,51.12577
27132174,1.17815,51.07977
27132840,1.02422,51.09929
27134057,1.04637,51.06294
27135503,1.0375,51.09042
27135644,1.16231,51.08175
27137783,1.17956,51.09167
27137842,1.05149,51.0962
27138817,1.07629,51.08118
27140755,1.13609,51.08402
27141737,1.08211,51.07111
27142436,1.07178,51.07152
27144677,1.09173,51.12912
27144798,1.11809,51.07598
27146965,1.15422,51.07562
27147322,1.12606,51.095
27147480,1.13042,51.09142
27148088,1.17901,51.0892
27151793,1.31561,51.11322
27152016,0.96234,51.12068
27152051,0.883,51.11067
27154062,1.16185,51.1126
27155835,1.04581,51.09504
27156241,0.96256,51.12188
27156490,1.03245,51.08019
27156751,1.18637,51.08549
27157239,1.08164,51.06987
27157352,1.1571,51.07379
27159950,1.13801,51.08601
27160459,1.15782,51.09475
27160890,1.08493,51.06577
27161084,1.16059,51.09637
27161267,1.15198,51.0825
27161374,1.04953,51.06339
27161723,1.17808,51.09643
27162043,1.122,51.07203
27162349,1.04712,51.09769
27163281,1.01007,51.09429
27163327,1.15608,51.08803
27164603,1.18211,51.09272
27165386,1.2207,51.10182
27165420,1.04397,51.05774
27165782,1.14894,51.08719
27166041,1.13936,51.07318
27169244,1.1608,51.07351
27169733,0.92198,51.10976
27172535,1.05149,51.0962
27173028,1.07967,51.07747
27173186,1.15782,51.09475
27174437,1.15174,51.08724
27174602,1.00074,51.07833
27174780,0.97278,51.12522
27175136,1.11931,51.07619
27176708,1.05149,51.0962
27177451,1.18211,51.09272
27177475,1.15804,51.13035
27177542,1.1704,51.08854
27177693,1.12667,51.09435
27177824,1.17746,51.08745
27178705,0.94473,51.05744
27179203,1.18059,51.08548
27179705,1.15913,51.07656
27179911,1.13936,51.07318
27179965,1.12606,51.095
27181180,1.12606,51.095
27181471,1.04581,51.09504
27181703,1.13069,51.09071
27182152,1.08243,51.07334
27182265,1.19691,51.08635
27183911,1.10481,51.08084
27183925,0.94473,51.05744
27184010,1.12755,51.08617
27184638,0.92382,51.1817
27184673,1.16594,51.08596
27186606,1.15689,51.09419
27187684,1.16159,51.09763
27188528,1.12363,51.08977
27188534,0.91347,51.13603
27188884,1.18451,51.11459
27189316,1.16961,51.08285
27191405,1.20139,51.09164
27192372,1.05149,51.0962
27193925,1.14477,51.08682
27196431,1.15416,51.0771
27196785,1.16482,51.11559
27197034,0.89442,51.10888
27198349,1.01742,51.09273
27199429,0.94597,51.09264
27199451,0.98299,51.11004
27200234,1.20237,51.11226
27201092,1.16683,51.11229
27202743,1.04488,51.09487
27203023,1.08445,51.12772
27203233,1.12402,51.07172
27203674,1.01669,51.07535
27205666,1.09574,51.06837
27206224,0.95716,51.14681
27206533,1.17538,51.07677
27207907,1.12606,51.095
27208002,1.09594,51.06797
27208449,1.22695,51.10051
27208790,1.17915,51.08738
27209494,1.13069,51.09071
27209616,1.02433,51.07488
27211141,1.18602,51.08291
27211733,1.12107,51.07727
27211751,1.04488,51.09487
27212346,0.98639,51.1126
27213218,1.16339,51.09053
27213348,1.16253,51.11743
27214088,0.91645,51.09336
27214145,1.08593,51.12858
27214371,1.18032,51.08737
27214698,0.91347,51.13603
27216055,1.15867,51.13264
27216492,1.09307,51.12839
27216742,1.12572,51.07205
27217905,1.17174,51.08623
27218530,1.18553,51.09083
27219146,1.13712,51.08224
27219338,1.15346,51.08399
27221371,1.03568,51.08563
27221468,0.99116,51.10079
27221819,1.18247,51.09074
27223133,1.17815,51.08706
27223703,1.15272,51.07712
27224145,1.08854,51.07109
27224612,1.12593,51.0942
27225626,1.18038,51.08827
27226527,1.19587,51.08515
27226793,0.93241,51.16492
27227124,1.14215,51.08839
27227742,1.14907,51.08692
27228485,1.08111,51.13657
27229146,1.07621,51.0718
27229670,1.18671,51.08151
27229813,1.12385,51.09001
27230146,1.01333,51.05808
27230636,0.9172,51.1321
27230952,1.01522,51.09049
27231919,1.18056,51.08279
27234880,1.02539,51.07862
27236557,1.04581,51.09504
27236633,1.02205,51.07256
27237303,1.04581,51.09504
27238719,1.16963,51.11915
27240500,1.20657,51.1011
27241553,1.15643,51.10909
27242183,1.20245,51.09756
27244758,0.93579,51.17518
27245132,1.08449,51.06882
27245257,1.13067,51.08999
27245625,1.10292,51.08934
27247471,1.18287,51.07933
27247637,1.08685,51.12721
27247970,1.04588,51.06307
27248447,1.08854,51.07109
27248889,0.92907,51.186
27250020,1.05149,51.0962
27250758,1.05027,51.09362
27252204,1.12667,51.09435
27252267,1.0438,51.06232
27252291,1.03142,51.06838
27252593,1.02882,51.08024
27254415,1.06524,51.07515
27255435,1.07331,51.07365
27256147,1.12585,51.08978
27256255,1.19598,51.09465
27257482,1.12476,51.07184
27260435,1.12585,51.08978
27260689,1.1348,51.09238
27260723,1.13451,51.0892
27262697,1.04488,51.09487
27263105,0.95614,51.11153
27263538,1.13593,51.08587
27263792,1.16048,51.07827
27265314,1.18856,51.08265
27265509,1.08891,51.1303
27265886,1.18559,51.0786
27267988,1.12249,51.09668
27268315,1.05883,51.06453
27268444,0.96001,51.12223
27268799,1.09453,51.0684
27268951,1.12667,51.09435
27269394,1.00074,51.07833
27269616,0.95032,51.1573
27270730,1.11655,51.07379
27272039,0.9342,51.1842
27272278,1.1606,51.0915
27272537,1.13618,51.08946
27274618,1.00602,51.0628
27276503,1.1808,51.0895
27277677,1.17462,51.07972
27277703,1.13217,51.07248
27278508,1.11674,51.07649
27278642,1.17195,51.0903
27279485,1.07643,51.07197
27279583,1.17901,51.0892
27280931,1.13451,51.08873
27281138,1.07777,51.07033
27281149,1.0441,51.09496
27281586,1.16567,51.08543
27281631,1.14262,51.08582
27282528,1.14909,51.07564
27283313,1.1348,51.09238
27284160,1.16442,51.11648
27285135,1.06565,51.106
27287047,1.15818,51.0893
27288543,1.17585,51.07631
27289089,0.93141,51.12211
27291051,1.14594,51.0785
27291058,1.16339,51.09053
27292611,1.00567,51.10339
27292943,1.15867,51.13264
27294336,1.12667,51.09435
27295101,1.13737,51.0724
27295289,1.18391,51.07791
27295908,1.18015,51.08642
27297119,1.15712,51.13312
27297386,0.93781,51.18379
27297760,1.09556,51.11366
27298922,1.14722,51.08377
27300171,1.16344,51.11212
27300636,1.16793,51.07651
27301206,1.12989,51.08999
27301460,1.16185,51.1126
27301613,1.13366,51.07334
27303098,1.11618,51.09329
27303824,0.95539,51.115
27304122,1.18861,51.08324
27304995,1.0448,51.05528
27305053,1.1851,51.09675
27305409,1.17734,51.08088
27305668,1.01409,51.08231
27306728,0.98848,51.12482
27307049,1.1859,51.08542
27307810,1.15829,51.13224
27308198,0.92933,51.18501
27308459,1.17964,51.08623
27308738,1.08092,51.06708
27308786,0.92933,51.18501
27308936,0.90021,51.1141
27309174,1.15581,51.10864
27309187,1.07243,51.06935
27309978,1.09538,51.0941
27310141,1.16538,51.07788
27310610,1.23924,51.10376
27310818,1.16949,51.08115
27311234,1.14995,51.08189
27312420,1.12667,51.09435
27312762,0.93871,51.08433
27313428,1.08377,51.07467
27313845,1.16189,51.11636
27315468,1.04731,51.06303
27315672,1.08545,51.0715
27315962,1.11222,51.07301
27316050,0.94399,51.12409
27316307,1.054,51.12375
27316618,1.16489,51.09494
27316913,1.07207,51.07048
27317429,0.88956,51.12577
27317643,1.12084,51.09942
27318783,0.9192,51.18234
27319292,1.03075,51.05583
27319594,1.13067,51.08999
27320275,1.14141,51.08147
27321835,1.08918,51.06826
27322361,1.18025,51.08647
27322409,0.924,51.18915
27322755,1.15548,51.09591
27323999,1.18559,51.0786
27325055,1.15395,51.08542
27325829,1.14661,51.07479
27326039,0.99839,51.13744
27327006,1.15333,51.11059
27327543,1.15936,51.08651
27328094,1.08423,51.07283
27329149,1.0236,51.07534
27329370,1.15565,51.08174
27329456,1.15829,51.13224
27330010,1.15829,51.13224
27330809,1.07045,51.0823
27332739,1.17915,51.08738
27333041,1.18831,51.08065
27333443,1.1598,51.08514
27334727,1.18378,51.0888
27334895,1.16374,51.0749
27337940,1.08867,51.12671
27338868,1.18541,51.08576
27339186,0.94195,51.17997
27340985,1.18135,51.08357
27341882,1.07777,51.07033
27341941,1.1768,51.08581
27342954,1.17182,51.0885
27344200,1.00488,51.16162
27344424,1.16489,51.09494
27344494,1.16649,51.08465
27344727,1.17901,51.0892
27345667,1.16442,51.07471
27345681,1.16489,51.09494
27346641,1.16296,51.11978
27347092,1.17807,51.09575
27348484,0.92855,51.14637
27349214,1.16141,51.08248
27349339,1.16385,51.07917
27349554,1.07661,51.07245
27349933,1.18194,51.08272
27351642,1.13651,51.08039
27352683,1.13067,51.08999
27353668,1.16059,51.09637
27356575,1.09132,51.07225
27357349,1.01319,51.08163
27357585,1.19939,51.09641
27357951,1.16345,51.09143
27358041,1.2389,51.10426
27361712,1.04409,51.09493
27366300,0.91347,51.13603
27368407,1.05149,51.0962
27368953,1.16597,51.09432
27369074,0.9299,51.18688
27371388,1.08317,51.06568
27372988,1.03137,51.13114
27373977,0.91347,51.13603
27374225,1.15068,51.08676
27375283,1.00078,51.13777
27377568,1.16107,51.08527
27377582,1.04712,51.09769
27378677,1.04462,51.1205
27378868,1.16246,51.09074
27380417,0.93974,51.09501
27380695,1.21037,51.10301
27381867,1.18547,51.08792
27381892,1.14677,51.08758
27382259,1.12667,51.09435
27384057,0.94378,51.12437
27384987,1.1348,51.09238
27385202,1.16961,51.08285
27386236,1.08968,51.0673
27386379,1.13155,51.07591
27386994,1.07076,51.07231
27387318,1.14596,51.08216
27388029,1.20752,51.09419
27388663,1.18267,51.08011
27388880,1.48289,51.02125
27389829,1.13285,51.08626
27391725,1.17182,51.08818
27392284,1.18612,51.08023
27393942,1.16597,51.09432
27394325,0.93805,51.17915
27394609,1.08295,51.06545
27394803,1.02662,51.16162
27395120,1.0123,51.09154
27395440,1.05149,51.0962
27395704,1.18391,51.08325
27396292,1.16351,51.07513
27396361,1.17078,51.08101
27396856,1.18607,51.08176
27399598,1.077,51.08024
27399771,1.1614,51.08173
27400592,1.0086,51.10451
27401442,1.17308,51.08882
27401883,1.17807,51.09575
27402477,1.14858,51.07617
27404219,1.17955,51.09605
27405207,1.1348,51.09238
27405904,1.04488,51.09487
27405977,1.16487,51.11764
27406076,0.97804,51.12637
27406363,1.16762,51.08216
27406748,1.18755,51.08306
27407715,1.13049,51.09024
27408448,1.16489,51.09494
27408634,1.16766,51.08594
27409111,1.22251,51.10056
27410048,1.07614,51.08437
27411268,0.94164,51.09662
27412023,1.16217,51.09629
27412883,1.15924,51.09244
27413763,1.05893,51.09758
27413933,1.13069,51.09071
27413941,1.15383,51.07335
27414629,1.18095,51.08752
27414677,1.01961,51.07182
27415000,1.18078,51.08814
27415119,0.89442,51.10888
27415931,0.95042,51.12219
27416066,1.13106,51.08864
27417306,1.15829,51.13224
27417562,1.17746,51.08745
27418111,1.03792,51.097
27418201,1.14018,51.07333
27420593,1.03645,51.04982
27421668,0.97638,51.12116
27422217,1.17459,51.07772
27424144,1.08211,51.07111
27424362,1.07256,51.07755
27427470,1.14133,51.08771
27427625,0.91347,51.13603
27428801,1.16767,51.09579
27428844,1.00267,51.1044
27429660,1.07408,51.09042
27431030,0.95506,51.16642
27431098,1.18391,51.08325
27431715,1.0911,51.07256
27432581,0.9676,51.15594
27432801,1.16752,51.08222
27432981,1.16078,51.08519
27436696,1.08044,51.06756
27437018,1.12404,51.07899
27437675,1.17189,51.086
27437970,1.15181,51.10946
27438244,1.17387,51.07675
27438641,1.1794,51.09181
27439039,1.14606,51.08773
27439098,1.13106,51.08864
27439184,1.08101,51.07335
27439263,1.17387,51.07675
27439804,1.15838,51.07987
27442575,1.16998,51.07803
27442956,1.18858,51.07773
27443081,0.91936,51.09418
27443139,1.06025,51.06449
27448717,1.19073,51.09338
27449173,1.0911,51.07256
27449340,1.07917,51.07683
27449615,1.16339,51.09053
27450733,1.16597,51.09432
27450896,1.12264,51.09457
27453532,0.94212,51.18267
27454887,1.18171,51.09478
27454935,1.13451,51.08873
27455678,1.14503,51.10453
27456190,1.03685,51.13574
27456289,1.1073,51.0956
27457108,1.16113,51.11131
27457249,1.15359,51.09213
27457329,1.04712,51.09769
27458076,1.15233,51.08036
27459864,1.1484,51.08014
27460321,0.94024,51.08556
27461089,0.93521,51.11897
27461282,0.93501,51.11888
27461498,1.18045,51.08173
27461785,1.1571,51.07379
27463900,1.08335,51.06838
27464366,1.1348,51.09238
27465330,1.17536,51.07761
27465405,1.14498,51.09282
27465859,1.14697,51.08018
27467285,1.01371,51.07187
27467326,1.13374,51.08417
27467577,1.20752,51.12789
27468287,1.12402,51.07172
27469194,0.9339,51.1208
27469344,1.08644,51.0719
27470209,1.09232,51.07444
27471935,1.11633,51.09616
27472532,1.16989,51.11182
27473358,1.07633,51.07158
27473579,1.09128,51.07288
27473617,0.94212,51.18267
27473660,1.17949,51.09175
27474410,1.17901,51.0892
27475351,1.18263,51.08177
27476057,1.13502,51.0724
27476985,1.15007,51.08369
27478310,0.96862,51.12373
27479272,1.12155,51.0723
27479299,1.19054,51.08473
27481673,0.88528,51.10686
27482293,0.93341,51.11497
27482694,1.19619,51.09171
27483034,1.12585,51.08978
27484434,0.93778,51.17858
27484565,1.16662,51.09531
27487477,1.13936,51.07318
27487739,1.13301,51.0899
27489181,1.16882,51.08661
27489690,0.93635,51.18191
27490245,1.13233,51.07265
27490538,1.16014,51.1266
27493369,1.04353,51.05846
27493574,1.08317,51.06568
27493824,1.1563,51.11231
27494130,1.15869,51.07763
27494511,0.92693,51.14572
27494913,1.16975,51.07953
27495317,1.04689,51.09474
27495565,1.16089,51.13327
27496120,0.94555,51.09117
27496886,1.02692,51.07885
27497541,1.17546,51.12079
27497738,1.16078,51.08519
27497832,1.16489,51.09494
27500237,1.20237,51.11226
27500579,1.16788,51.0791
27500674,1.15967,51.11197
27501141,1.10557,51.08038
27502285,1.1435,51.07354
27502981,1.07693,51.08026
27503682,1.13507,51.08871
27503739,1.16486,51.08989
27503861,1.08038,51.06666
27504209,1.12108,51.09567
27505699,1.16545,51.07782
27505731,1.148,51.0762
27506092,1.04499,51.0592
27506330,1.1749,51.08229
27507330,1.08193,51.06842
27508169,1.08527,51.07162
27509050,1.07992,51.07936
27509939,1.05312,51.06468
27510719,1.18597,51.09033
27511716,1.05149,51.0962
27512852,1.12255,51.08905
27513952,1.16978,51.08965
27516345,1.18171,51.08376
27516554,1.05149,51.0962
27517190,1.16654,51.07681
27517455,1.10481,51.08084
27518684,0.95849,51.0806
27518987,1.18292,51.0837
27519386,1.15967,51.11197
27523079,1.12152,51.09243
27523775,1.1805,51.09006
27526968,1.16024,51.11216
27527221,1.04474,51.09485
27528908,1.17233,51.09141
27529390,1.08922,51.07176
27529602,1.08009,51.08139
27529622,1.17857,51.08046
27530076,1.14716,51.08287
27531273,1.16568,51.09624
27531579,1.07716,51.0658
27533151,1.17261,51.0783
27533208,1.04316,51.14998
27533344,1.1348,51.09238
27534842,1.17457,51.0933
27536322,1.18262,51.08565
27537286,1.17845,51.07956
27540132,1.02274,51.11221
27540667,1.15503,51.08637
27541937,1.06663,51.06843
27542432,1.16563,51.09053
27542938,1.18362,51.07806
27543969,1.19154,51.08436
27544832,1.18956,51.08929
27544967,1.15824,51.09248
27547252,1.17694,51.07972
27548151,1.16213,51.11395
27548448,0.9675,51.15323
27548465,1.04576,51.06127
27548663,1.18287,51.07933
27549340,0.93013,51.11778
27551114,1.18521,51.08513
27552374,1.08249,51.06938
27552407,1.15724,51.09035
27552856,1.16588,51.08318
27553115,1.06129,51.06737
27553343,1.13412,51.08891
27553391,1.1724,51.08915
27554054,0.97088,51.1114
27554648,1.04488,51.09487
27554972,0.97825,51.12148
27555169,1.13651,51.08039
27556132,1.11443,51.07855
27557089,0.91939,51.18201
27558106,1.07276,51.07215
27558114,1.05149,51.0962
27558373,1.20992,51.10124
27559435,1.17327,51.08108
27559631,1.15517,51.09243
27560494,1.19464,51.0832
27561981,1.07649,51.07188
27563648,1.07351,51.06383
27565765,1.17115,51.07862
27566070,1.14549,51.07932
27566214,0.95806,51.16337
27568575,1.1474,51.08646
27568653,1.17189,51.086
27569243,1.13322,51.08631
27569306,1.04944,51.13491
27570141,1.04488,51.09487
27570192,1.13067,51.08999
27570613,1.12989,51.08999
27571216,1.15783,51.11357
27571994,0.8893,51.12603
27572700,1.04488,51.09487
27573328,0.92488,51.11383
27573338,1.01961,51.07182
27575305,0.93501,51.11888
27578303,1.01371,51.07187
